  0
SECTION
  2
HEADER
  9
$ACADVER
  1
AC1024
  9
$ACADMAINTVER
 70
6
  9
$DWGCODEPAGE
  3
ANSI_1252
  9
$LASTSAVEDBY
  1
ezdxf
  9
$INSBASE
 10
0.0
 20
0.0
 30
0.0
  9
$EXTMIN
 10
1e+20
 20
1e+20
 30
1e+20
  9
$EXTMAX
 10
-1e+20
 20
-1e+20
 30
-1e+20
  9
$LIMMIN
 10
0.0
 20
0.0
  9
$LIMMAX
 10
420.0
 20
297.0
  9
$ORTHOMODE
 70
0
  9
$REGENMODE
 70
1
  9
$FILLMODE
 70
1
  9
$QTEXTMODE
 70
0
  9
$MIRRTEXT
 70
1
  9
$LTSCALE
 40
1.0
  9
$ATTMODE
 70
1
  9
$TEXTSIZE
 40
2.5
  9
$TRACEWID
 40
1.0
  9
$TEXTSTYLE
  7
Standard
  9
$CLAYER
  8
0
  9
$CELTYPE
  6
ByLayer
  9
$CECOLOR
 62
256
  9
$CELTSCALE
 40
1.0
  9
$DISPSILH
 70
0
  9
$DIMSCALE
 40
1.0
  9
$DIMASZ
 40
2.5
  9
$DIMEXO
 40
0.625
  9
$DIMDLI
 40
3.75
  9
$DIMRND
 40
0.0
  9
$DIMDLE
 40
0.0
  9
$DIMEXE
 40
1.25
  9
$DIMTP
 40
0.0
  9
$DIMTM
 40
0.0
  9
$DIMTXT
 40
2.5
  9
$DIMCEN
 40
2.5
  9
$DIMTSZ
 40
0.0
  9
$DIMTOL
 70
0
  9
$DIMLIM
 70
0
  9
$DIMTIH
 70
0
  9
$DIMTOH
 70
0
  9
$DIMSE1
 70
0
  9
$DIMSE2
 70
0
  9
$DIMTAD
 70
1
  9
$DIMZIN
 70
8
  9
$DIMBLK
  1

  9
$DIMASO
 70
1
  9
$DIMSHO
 70
1
  9
$DIMPOST
  1

  9
$DIMAPOST
  1

  9
$DIMALT
 70
0
  9
$DIMALTD
 70
3
  9
$DIMALTF
 40
0.03937007874
  9
$DIMLFAC
 40
1.0
  9
$DIMTOFL
 70
1
  9
$DIMTVP
 40
0.0
  9
$DIMTIX
 70
0
  9
$DIMSOXD
 70
0
  9
$DIMSAH
 70
0
  9
$DIMBLK1
  1

  9
$DIMBLK2
  1

  9
$DIMSTYLE
  2
ISO-25
  9
$DIMCLRD
 70
0
  9
$DIMCLRE
 70
0
  9
$DIMCLRT
 70
0
  9
$DIMTFAC
 40
1.0
  9
$DIMGAP
 40
0.625
  9
$DIMJUST
 70
0
  9
$DIMSD1
 70
0
  9
$DIMSD2
 70
0
  9
$DIMTOLJ
 70
0
  9
$DIMTZIN
 70
8
  9
$DIMALTZ
 70
0
  9
$DIMALTTZ
 70
0
  9
$DIMUPT
 70
0
  9
$DIMDEC
 70
2
  9
$DIMTDEC
 70
2
  9
$DIMALTU
 70
2
  9
$DIMALTTD
 70
3
  9
$DIMTXSTY
  7
Standard
  9
$DIMAUNIT
 70
0
  9
$DIMADEC
 70
0
  9
$DIMALTRND
 40
0.0
  9
$DIMAZIN
 70
0
  9
$DIMDSEP
 70
44
  9
$DIMATFIT
 70
3
  9
$DIMFRAC
 70
0
  9
$DIMLDRBLK
  1

  9
$DIMLUNIT
 70
2
  9
$DIMLWD
 70
-2
  9
$DIMLWE
 70
-2
  9
$DIMTMOVE
 70
0
  9
$DIMFXL
 40
1.0
  9
$DIMFXLON
 70
0
  9
$DIMJOGANG
 40
0.785398163397
  9
$DIMTFILL
 70
0
  9
$DIMTFILLCLR
 70
0
  9
$DIMARCSYM
 70
0
  9
$DIMLTYPE
  6

  9
$DIMLTEX1
  6

  9
$DIMLTEX2
  6

  9
$DIMTXTDIRECTION
 70
0
  9
$LUNITS
 70
2
  9
$LUPREC
 70
4
  9
$SKETCHINC
 40
1.0
  9
$FILLETRAD
 40
10.0
  9
$AUNITS
 70
0
  9
$AUPREC
 70
2
  9
$MENU
  1
.
  9
$ELEVATION
 40
0.0
  9
$PELEVATION
 40
0.0
  9
$THICKNESS
 40
0.0
  9
$LIMCHECK
 70
0
  9
$CHAMFERA
 40
0.0
  9
$CHAMFERB
 40
0.0
  9
$CHAMFERC
 40
0.0
  9
$CHAMFERD
 40
0.0
  9
$SKPOLY
 70
0
  9
$TDCREATE
 40
2461221.799988426
  9
$TDUCREATE
 40
2458532.153996898
  9
$TDUPDATE
 40
2461221.799988426
  9
$TDUUPDATE
 40
2458532.1544311
  9
$TDINDWG
 40
0.0
  9
$TDUSRTIMER
 40
0.0
  9
$USRTIMER
 70
1
  9
$ANGBASE
 50
0.0
  9
$ANGDIR
 70
0
  9
$PDMODE
 70
0
  9
$PDSIZE
 40
0.0
  9
$PLINEWID
 40
0.0
  9
$SPLFRAME
 70
0
  9
$SPLINETYPE
 70
6
  9
$SPLINESEGS
 70
8
  9
$HANDSEED
  5
3D6
  9
$SURFTAB1
 70
6
  9
$SURFTAB2
 70
6
  9
$SURFTYPE
 70
6
  9
$SURFU
 70
6
  9
$SURFV
 70
6
  9
$UCSBASE
  2

  9
$UCSNAME
  2

  9
$UCSORG
 10
0.0
 20
0.0
 30
0.0
  9
$UCSXDIR
 10
1.0
 20
0.0
 30
0.0
  9
$UCSYDIR
 10
0.0
 20
1.0
 30
0.0
  9
$UCSORTHOREF
  2

  9
$UCSORTHOVIEW
 70
0
  9
$UCSORGTOP
 10
0.0
 20
0.0
 30
0.0
  9
$UCSORGBOTTOM
 10
0.0
 20
0.0
 30
0.0
  9
$UCSORGLEFT
 10
0.0
 20
0.0
 30
0.0
  9
$UCSORGRIGHT
 10
0.0
 20
0.0
 30
0.0
  9
$UCSORGFRONT
 10
0.0
 20
0.0
 30
0.0
  9
$UCSORGBACK
 10
0.0
 20
0.0
 30
0.0
  9
$PUCSBASE
  2

  9
$PUCSNAME
  2

  9
$PUCSORG
 10
0.0
 20
0.0
 30
0.0
  9
$PUCSXDIR
 10
1.0
 20
0.0
 30
0.0
  9
$PUCSYDIR
 10
0.0
 20
1.0
 30
0.0
  9
$PUCSORTHOREF
  2

  9
$PUCSORTHOVIEW
 70
0
  9
$PUCSORGTOP
 10
0.0
 20
0.0
 30
0.0
  9
$PUCSORGBOTTOM
 10
0.0
 20
0.0
 30
0.0
  9
$PUCSORGLEFT
 10
0.0
 20
0.0
 30
0.0
  9
$PUCSORGRIGHT
 10
0.0
 20
0.0
 30
0.0
  9
$PUCSORGFRONT
 10
0.0
 20
0.0
 30
0.0
  9
$PUCSORGBACK
 10
0.0
 20
0.0
 30
0.0
  9
$USERI1
 70
0
  9
$USERI2
 70
0
  9
$USERI3
 70
0
  9
$USERI4
 70
0
  9
$USERI5
 70
0
  9
$USERR1
 40
0.0
  9
$USERR2
 40
0.0
  9
$USERR3
 40
0.0
  9
$USERR4
 40
0.0
  9
$USERR5
 40
0.0
  9
$WORLDVIEW
 70
1
  9
$SHADEDGE
 70
3
  9
$SHADEDIF
 70
70
  9
$TILEMODE
 70
1
  9
$MAXACTVP
 70
64
  9
$PINSBASE
 10
0.0
 20
0.0
 30
0.0
  9
$PLIMCHECK
 70
0
  9
$PEXTMIN
 10
1e+20
 20
1e+20
 30
1e+20
  9
$PEXTMAX
 10
-1e+20
 20
-1e+20
 30
-1e+20
  9
$PLIMMIN
 10
0.0
 20
0.0
  9
$PLIMMAX
 10
420.0
 20
297.0
  9
$UNITMODE
 70
0
  9
$VISRETAIN
 70
1
  9
$PLINEGEN
 70
0
  9
$PSLTSCALE
 70
1
  9
$TREEDEPTH
 70
3020
  9
$CMLSTYLE
  2
Standard
  9
$CMLJUST
 70
0
  9
$CMLSCALE
 40
20.0
  9
$PROXYGRAPHICS
 70
1
  9
$MEASUREMENT
 70
1
  9
$CELWEIGHT
370
-1
  9
$ENDCAPS
280
0
  9
$JOINSTYLE
280
0
  9
$LWDISPLAY
290
0
  9
$INSUNITS
 70
6
  9
$HYPERLINKBASE
  1

  9
$STYLESHEET
  1

  9
$XEDIT
290
1
  9
$CEPSNTYPE
380
0
  9
$PSTYLEMODE
290
1
  9
$FINGERPRINTGUID
  2
{3213DDAC-F8C5-4186-AC3D-01A3360B4F7A}
  9
$VERSIONGUID
  2
{2E5E2D26-7FB4-4205-959F-A6F4169DEE77}
  9
$EXTNAMES
290
1
  9
$PSVPSCALE
 40
0.0
  9
$OLESTARTUP
290
0
  9
$SORTENTS
280
127
  9
$INDEXCTL
280
0
  9
$HIDETEXT
280
1
  9
$XCLIPFRAME
280
1
  9
$HALOGAP
280
0
  9
$OBSCOLOR
 70
257
  9
$OBSLTYPE
280
0
  9
$INTERSECTIONDISPLAY
280
0
  9
$INTERSECTIONCOLOR
 70
257
  9
$DIMASSOC
280
2
  9
$PROJECTNAME
  1

  9
$CAMERADISPLAY
290
0
  9
$LENSLENGTH
 40
50.0
  9
$CAMERAHEIGHT
 40
0.0
  9
$STEPSPERSEC
 40
24.0
  9
$STEPSIZE
 40
100.0
  9
$3DDWFPREC
 40
2.0
  9
$PSOLWIDTH
 40
0.005
  9
$PSOLHEIGHT
 40
0.08
  9
$LOFTANG1
 40
1.570796326795
  9
$LOFTANG2
 40
1.570796326795
  9
$LOFTMAG1
 40
0.0
  9
$LOFTMAG2
 40
0.0
  9
$LOFTPARAM
 70
7
  9
$LOFTNORMALS
280
1
  9
$LATITUDE
 40
37.795
  9
$LONGITUDE
 40
-122.394
  9
$NORTHDIRECTION
 40
0.0
  9
$TIMEZONE
 70
-8000
  9
$LIGHTGLYPHDISPLAY
280
1
  9
$TILEMODELIGHTSYNCH
280
1
  9
$CMATERIAL
347
20
  9
$SOLIDHIST
280
0
  9
$SHOWHIST
280
1
  9
$DWFFRAME
280
2
  9
$DGNFRAME
280
2
  9
$REALWORLDSCALE
290
1
  9
$INTERFERECOLOR
 62
256
  9
$CSHADOW
280
0
  9
$SHADOWPLANELOCATION
 40
0.0
  0
ENDSEC
  0
SECTION
  2
CLASSES
  0
CLASS
  1
ACDBDICTIONARYWDFLT
  2
AcDbDictionaryWithDefault
  3
ObjectDBX Classes
 90
0
 91
0
280
0
281
0
  0
CLASS
  1
SUN
  2
AcDbSun
  3
SCENEOE
 90
1153
 91
0
280
0
281
0
  0
CLASS
  1
VISUALSTYLE
  2
AcDbVisualStyle
  3
ObjectDBX Classes
 90
4095
 91
0
280
0
281
0
  0
CLASS
  1
MATERIAL
  2
AcDbMaterial
  3
ObjectDBX Classes
 90
1153
 91
0
280
0
281
0
  0
CLASS
  1
SCALE
  2
AcDbScale
  3
ObjectDBX Classes
 90
1153
 91
0
280
0
281
0
  0
CLASS
  1
TABLESTYLE
  2
AcDbTableStyle
  3
ObjectDBX Classes
 90
4095
 91
0
280
0
281
0
  0
CLASS
  1
MLEADERSTYLE
  2
AcDbMLeaderStyle
  3
ACDB_MLEADERSTYLE_CLASS
 90
4095
 91
0
280
0
281
0
  0
CLASS
  1
DICTIONARYVAR
  2
AcDbDictionaryVar
  3
ObjectDBX Classes
 90
0
 91
0
280
0
281
0
  0
CLASS
  1
CELLSTYLEMAP
  2
AcDbCellStyleMap
  3
ObjectDBX Classes
 90
1152
 91
0
280
0
281
0
  0
CLASS
  1
MENTALRAYRENDERSETTINGS
  2
AcDbMentalRayRenderSettings
  3
SCENEOE
 90
1024
 91
0
280
0
281
0
  0
CLASS
  1
ACDBDETAILVIEWSTYLE
  2
AcDbDetailViewStyle
  3
ObjectDBX Classes
 90
1025
 91
0
280
0
281
0
  0
CLASS
  1
ACDBSECTIONVIEWSTYLE
  2
AcDbSectionViewStyle
  3
ObjectDBX Classes
 90
1025
 91
0
280
0
281
0
  0
CLASS
  1
RASTERVARIABLES
  2
AcDbRasterVariables
  3
ISM
 90
0
 91
0
280
0
281
0
  0
CLASS
  1
LAYOUT
  2
AcDbLayout
  3
ObjectDBX Classes
 90
0
 91
0
280
0
281
0
  0
CLASS
  1
ACDBPLACEHOLDER
  2
AcDbPlaceHolder
  3
ObjectDBX Classes
 90
0
 91
0
280
0
281
0
  0
ENDSEC
  0
SECTION
  2
TABLES
  0
TABLE
  2
VPORT
  5
8
330
0
100
AcDbSymbolTable
 70
1
  0
VPORT
  5
23
330
8
100
AcDbSymbolTableRecord
100
AcDbViewportTableRecord
  2
*Active
 70
0
 10
0.0
 20
0.0
 11
1.0
 21
1.0
 12
0.0
 22
0.0
 13
0.0
 23
0.0
 14
0.5
 24
0.5
 15
0.5
 25
0.5
 16
0.0
 26
0.0
 36
1.0
 17
0.0
 27
0.0
 37
0.0
 40
1000.0
 41
1.34
 42
50.0
 43
0.0
 44
0.0
 50
0.0
 51
0.0
 71
0
 72
1000
 73
1
 74
3
 75
0
 76
0
 77
0
 78
0
281
0
 65
0
146
0.0
  0
ENDTAB
  0
TABLE
  2
LTYPE
  5
2
330
0
100
AcDbSymbolTable
 70
3
  0
LTYPE
  5
24
330
2
100
AcDbSymbolTableRecord
100
AcDbLinetypeTableRecord
  2
ByBlock
 70
0
  3

 72
65
 73
0
 40
0.0
  0
LTYPE
  5
25
330
2
100
AcDbSymbolTableRecord
100
AcDbLinetypeTableRecord
  2
ByLayer
 70
0
  3

 72
65
 73
0
 40
0.0
  0
LTYPE
  5
26
330
2
100
AcDbSymbolTableRecord
100
AcDbLinetypeTableRecord
  2
Continuous
 70
0
  3

 72
65
 73
0
 40
0.0
  0
ENDTAB
  0
TABLE
  2
LAYER
  5
1
330
0
100
AcDbSymbolTable
 70
15
  0
LAYER
  5
27
330
1
100
AcDbSymbolTableRecord
100
AcDbLayerTableRecord
  2
0
 70
0
 62
7
  6
Continuous
370
-3
390
13
347
21
  0
LAYER
  5
28
330
1
100
AcDbSymbolTableRecord
100
AcDbLayerTableRecord
  2
Defpoints
 70
0
 62
7
  6
Continuous
290
0
370
-3
390
13
347
21
  0
LAYER
  5
2F
330
1
100
AcDbSymbolTableRecord
100
AcDbLayerTableRecord
  2
BASE
 70
0
 62
8
  6
Continuous
370
-3
390
13
347
21
  0
LAYER
  5
30
330
1
100
AcDbSymbolTableRecord
100
AcDbLayerTableRecord
  2
NEMA17
 70
0
 62
5
  6
Continuous
370
-3
390
13
347
21
  0
LAYER
  5
31
330
1
100
AcDbSymbolTableRecord
100
AcDbLayerTableRecord
  2
EJE_MOTOR
 70
0
 62
4
  6
Continuous
370
-3
390
13
347
21
  0
LAYER
  5
32
330
1
100
AcDbSymbolTableRecord
100
AcDbLayerTableRecord
  2
RODAMIENTO
 70
0
 62
9
  6
Continuous
370
-3
390
13
347
21
  0
LAYER
  5
33
330
1
100
AcDbSymbolTableRecord
100
AcDbLayerTableRecord
  2
PLATAFORMA
 70
0
 62
3
  6
Continuous
370
-3
390
13
347
21
  0
LAYER
  5
34
330
1
100
AcDbSymbolTableRecord
100
AcDbLayerTableRecord
  2
SOPORTE_U
 70
0
 62
93
  6
Continuous
370
-3
390
13
347
21
  0
LAYER
  5
35
330
1
100
AcDbSymbolTableRecord
100
AcDbLayerTableRecord
  2
SERVO
 70
0
 62
40
  6
Continuous
370
-3
390
13
347
21
  0
LAYER
  5
36
330
1
100
AcDbSymbolTableRecord
100
AcDbLayerTableRecord
  2
EJE_TILT
 70
0
 62
7
  6
Continuous
370
-3
390
13
347
21
  0
LAYER
  5
37
330
1
100
AcDbSymbolTableRecord
100
AcDbLayerTableRecord
  2
BRAZO_HORN
 70
0
 62
3
  6
Continuous
370
-3
390
13
347
21
  0
LAYER
  5
38
330
1
100
AcDbSymbolTableRecord
100
AcDbLayerTableRecord
  2
LASER
 70
0
 62
1
  6
Continuous
370
-3
390
13
347
21
  0
LAYER
  5
39
330
1
100
AcDbSymbolTableRecord
100
AcDbLayerTableRecord
  2
LENTE_LASER
 70
0
 62
30
  6
Continuous
370
-3
390
13
347
21
  0
LAYER
  5
3A
330
1
100
AcDbSymbolTableRecord
100
AcDbLayerTableRecord
  2
COTAS
 70
0
 62
2
  6
Continuous
370
-3
390
13
347
21
  0
LAYER
  5
3B
330
1
100
AcDbSymbolTableRecord
100
AcDbLayerTableRecord
  2
TEXTO
 70
0
 62
7
  6
Continuous
370
-3
390
13
347
21
  0
ENDTAB
  0
TABLE
  2
STYLE
  5
5
330
0
100
AcDbSymbolTable
 70
1
  0
STYLE
  5
29
330
5
100
AcDbSymbolTableRecord
100
AcDbTextStyleTableRecord
  2
Standard
 70
0
 40
0.0
 41
1.0
 50
0.0
 71
0
 42
2.5
  3
txt
  4

  0
ENDTAB
  0
TABLE
  2
VIEW
  5
7
330
0
100
AcDbSymbolTable
 70
0
  0
ENDTAB
  0
TABLE
  2
UCS
  5
6
330
0
100
AcDbSymbolTable
 70
0
  0
ENDTAB
  0
TABLE
  2
APPID
  5
3
330
0
100
AcDbSymbolTable
 70
3
  0
APPID
  5
2A
330
3
100
AcDbSymbolTableRecord
100
AcDbRegAppTableRecord
  2
ACAD
 70
0
  0
APPID
  5
3D3
330
3
100
AcDbSymbolTableRecord
100
AcDbRegAppTableRecord
  2
HATCHBACKGROUNDCOLOR
 70
0
  0
APPID
  5
3D4
330
3
100
AcDbSymbolTableRecord
100
AcDbRegAppTableRecord
  2
EZDXF
 70
0
  0
ENDTAB
  0
TABLE
  2
DIMSTYLE
  5
4
330
0
100
AcDbSymbolTable
 70
1
100
AcDbDimStyleTable
  0
DIMSTYLE
105
2B
330
4
100
AcDbSymbolTableRecord
100
AcDbDimStyleTableRecord
  2
Standard
 70
0
 40
1.0
 41
2.5
 42
0.625
 43
3.75
 44
1.25
 45
0.0
 46
0.0
 47
0.0
 48
0.0
 49
2.5
140
2.5
141
2.5
142
0.0
143
0.03937007874
144
1.0
145
0.0
146
1.0
147
0.625
148
0.0
 69
0
 70
0
 71
0
 72
0
 73
0
 74
0
 75
0
 76
0
 77
1
 78
8
 79
3
170
0
171
3
172
1
173
0
174
0
175
0
176
0
177
0
178
0
179
2
271
2
272
2
273
2
274
3
275
0
276
0
277
2
278
44
279
0
280
0
281
0
282
0
283
0
284
8
285
0
286
0
288
0
289
3
290
0
371
-2
372
-2
  0
ENDTAB
  0
TABLE
  2
BLOCK_RECORD
  5
9
330
0
100
AcDbSymbolTable
 70
2
  0
BLOCK_RECORD
  5
17
330
9
100
AcDbSymbolTableRecord
100
AcDbBlockTableRecord
  2
*Model_Space
340
1A
 70
0
280
1
281
0
  0
BLOCK_RECORD
  5
1B
330
9
100
AcDbSymbolTableRecord
100
AcDbBlockTableRecord
  2
*Paper_Space
340
1E
 70
0
280
1
281
0
  0
ENDTAB
  0
ENDSEC
  0
SECTION
  2
BLOCKS
  0
BLOCK
  5
18
330
17
100
AcDbEntity
  8
0
100
AcDbBlockBegin
  2
*Model_Space
 70
0
 10
0.0
 20
0.0
 30
0.0
  3
*Model_Space
  1

  0
ENDBLK
  5
19
330
17
100
AcDbEntity
  8
0
100
AcDbBlockEnd
  0
BLOCK
  5
1C
330
1B
100
AcDbEntity
  8
0
100
AcDbBlockBegin
  2
*Paper_Space
 70
0
 10
0.0
 20
0.0
 30
0.0
  3
*Paper_Space
  1

  0
ENDBLK
  5
1D
330
1B
100
AcDbEntity
  8
0
100
AcDbBlockEnd
  0
ENDSEC
  0
SECTION
  2
ENTITIES
  0
3DFACE
  5
3C
330
17
100
AcDbEntity
  8
BASE
100
AcDbFace
 10
-100.0
 20
-100.0
 30
0.0
 11
100.0
 21
-100.0
 31
0.0
 12
100.0
 22
100.0
 32
0.0
 13
-100.0
 23
100.0
 33
0.0
  0
3DFACE
  5
3D
330
17
100
AcDbEntity
  8
BASE
100
AcDbFace
 10
-100.0
 20
-100.0
 30
5.0
 11
100.0
 21
-100.0
 31
5.0
 12
100.0
 22
100.0
 32
5.0
 13
-100.0
 23
100.0
 33
5.0
  0
3DFACE
  5
3E
330
17
100
AcDbEntity
  8
BASE
100
AcDbFace
 10
-100.0
 20
-100.0
 30
0.0
 11
100.0
 21
-100.0
 31
0.0
 12
100.0
 22
-100.0
 32
5.0
 13
-100.0
 23
-100.0
 33
5.0
  0
3DFACE
  5
3F
330
17
100
AcDbEntity
  8
BASE
100
AcDbFace
 10
100.0
 20
100.0
 30
0.0
 11
-100.0
 21
100.0
 31
0.0
 12
-100.0
 22
100.0
 32
5.0
 13
100.0
 23
100.0
 33
5.0
  0
3DFACE
  5
40
330
17
100
AcDbEntity
  8
BASE
100
AcDbFace
 10
-100.0
 20
-100.0
 30
0.0
 11
-100.0
 21
100.0
 31
0.0
 12
-100.0
 22
100.0
 32
5.0
 13
-100.0
 23
-100.0
 33
5.0
  0
3DFACE
  5
41
330
17
100
AcDbEntity
  8
BASE
100
AcDbFace
 10
100.0
 20
-100.0
 30
0.0
 11
100.0
 21
100.0
 31
0.0
 12
100.0
 22
100.0
 32
5.0
 13
100.0
 23
-100.0
 33
5.0
  0
3DFACE
  5
42
330
17
100
AcDbEntity
  8
COTAS
100
AcDbFace
 10
-66.0
 20
-70.0
 30
-1.0
 11
-66.30448186995486
 21
-68.46926627053963
 31
-1.0
 12
-66.30448186995486
 22
-68.46926627053963
 32
6.0
 13
-66.0
 23
-70.0
 33
6.0
  0
3DFACE
  5
43
330
17
100
AcDbEntity
  8
COTAS
100
AcDbFace
 10
-70.0
 20
-70.0
 30
-1.0
 11
-66.0
 21
-70.0
 31
-1.0
 12
-66.30448186995486
 22
-68.46926627053963
 32
-1.0
 13
-70.0
 23
-70.0
 33
-1.0
  0
3DFACE
  5
44
330
17
100
AcDbEntity
  8
COTAS
100
AcDbFace
 10
-70.0
 20
-70.0
 30
6.0
 11
-66.0
 21
-70.0
 31
6.0
 12
-66.30448186995486
 22
-68.46926627053963
 32
6.0
 13
-70.0
 23
-70.0
 33
6.0
  0
3DFACE
  5
45
330
17
100
AcDbEntity
  8
COTAS
100
AcDbFace
 10
-66.30448186995486
 20
-68.46926627053963
 30
-1.0
 11
-67.17157287525382
 21
-67.17157287525382
 31
-1.0
 12
-67.17157287525382
 22
-67.17157287525382
 32
6.0
 13
-66.30448186995486
 23
-68.46926627053963
 33
6.0
  0
3DFACE
  5
46
330
17
100
AcDbEntity
  8
COTAS
100
AcDbFace
 10
-70.0
 20
-70.0
 30
-1.0
 11
-66.30448186995486
 21
-68.46926627053963
 31
-1.0
 12
-67.17157287525382
 22
-67.17157287525382
 32
-1.0
 13
-70.0
 23
-70.0
 33
-1.0
  0
3DFACE
  5
47
330
17
100
AcDbEntity
  8
COTAS
100
AcDbFace
 10
-70.0
 20
-70.0
 30
6.0
 11
-66.30448186995486
 21
-68.46926627053963
 31
6.0
 12
-67.17157287525382
 22
-67.17157287525382
 32
6.0
 13
-70.0
 23
-70.0
 33
6.0
  0
3DFACE
  5
48
330
17
100
AcDbEntity
  8
COTAS
100
AcDbFace
 10
-67.17157287525382
 20
-67.17157287525382
 30
-1.0
 11
-68.46926627053963
 21
-66.30448186995486
 31
-1.0
 12
-68.46926627053963
 22
-66.30448186995486
 32
6.0
 13
-67.17157287525382
 23
-67.17157287525382
 33
6.0
  0
3DFACE
  5
49
330
17
100
AcDbEntity
  8
COTAS
100
AcDbFace
 10
-70.0
 20
-70.0
 30
-1.0
 11
-67.17157287525382
 21
-67.17157287525382
 31
-1.0
 12
-68.46926627053963
 22
-66.30448186995486
 32
-1.0
 13
-70.0
 23
-70.0
 33
-1.0
  0
3DFACE
  5
4A
330
17
100
AcDbEntity
  8
COTAS
100
AcDbFace
 10
-70.0
 20
-70.0
 30
6.0
 11
-67.17157287525382
 21
-67.17157287525382
 31
6.0
 12
-68.46926627053963
 22
-66.30448186995486
 32
6.0
 13
-70.0
 23
-70.0
 33
6.0
  0
3DFACE
  5
4B
330
17
100
AcDbEntity
  8
COTAS
100
AcDbFace
 10
-68.46926627053963
 20
-66.30448186995486
 30
-1.0
 11
-70.0
 21
-66.0
 31
-1.0
 12
-70.0
 22
-66.0
 32
6.0
 13
-68.46926627053963
 23
-66.30448186995486
 33
6.0
  0
3DFACE
  5
4C
330
17
100
AcDbEntity
  8
COTAS
100
AcDbFace
 10
-70.0
 20
-70.0
 30
-1.0
 11
-68.46926627053963
 21
-66.30448186995486
 31
-1.0
 12
-70.0
 22
-66.0
 32
-1.0
 13
-70.0
 23
-70.0
 33
-1.0
  0
3DFACE
  5
4D
330
17
100
AcDbEntity
  8
COTAS
100
AcDbFace
 10
-70.0
 20
-70.0
 30
6.0
 11
-68.46926627053963
 21
-66.30448186995486
 31
6.0
 12
-70.0
 22
-66.0
 32
6.0
 13
-70.0
 23
-70.0
 33
6.0
  0
3DFACE
  5
4E
330
17
100
AcDbEntity
  8
COTAS
100
AcDbFace
 10
-70.0
 20
-66.0
 30
-1.0
 11
-71.53073372946037
 21
-66.30448186995486
 31
-1.0
 12
-71.53073372946037
 22
-66.30448186995486
 32
6.0
 13
-70.0
 23
-66.0
 33
6.0
  0
3DFACE
  5
4F
330
17
100
AcDbEntity
  8
COTAS
100
AcDbFace
 10
-70.0
 20
-70.0
 30
-1.0
 11
-70.0
 21
-66.0
 31
-1.0
 12
-71.53073372946037
 22
-66.30448186995486
 32
-1.0
 13
-70.0
 23
-70.0
 33
-1.0
  0
3DFACE
  5
50
330
17
100
AcDbEntity
  8
COTAS
100
AcDbFace
 10
-70.0
 20
-70.0
 30
6.0
 11
-70.0
 21
-66.0
 31
6.0
 12
-71.53073372946037
 22
-66.30448186995486
 32
6.0
 13
-70.0
 23
-70.0
 33
6.0
  0
3DFACE
  5
51
330
17
100
AcDbEntity
  8
COTAS
100
AcDbFace
 10
-71.53073372946037
 20
-66.30448186995486
 30
-1.0
 11
-72.82842712474618
 21
-67.17157287525382
 31
-1.0
 12
-72.82842712474618
 22
-67.17157287525382
 32
6.0
 13
-71.53073372946037
 23
-66.30448186995486
 33
6.0
  0
3DFACE
  5
52
330
17
100
AcDbEntity
  8
COTAS
100
AcDbFace
 10
-70.0
 20
-70.0
 30
-1.0
 11
-71.53073372946037
 21
-66.30448186995486
 31
-1.0
 12
-72.82842712474618
 22
-67.17157287525382
 32
-1.0
 13
-70.0
 23
-70.0
 33
-1.0
  0
3DFACE
  5
53
330
17
100
AcDbEntity
  8
COTAS
100
AcDbFace
 10
-70.0
 20
-70.0
 30
6.0
 11
-71.53073372946037
 21
-66.30448186995486
 31
6.0
 12
-72.82842712474618
 22
-67.17157287525382
 32
6.0
 13
-70.0
 23
-70.0
 33
6.0
  0
3DFACE
  5
54
330
17
100
AcDbEntity
  8
COTAS
100
AcDbFace
 10
-72.82842712474618
 20
-67.17157287525382
 30
-1.0
 11
-73.69551813004514
 21
-68.46926627053963
 31
-1.0
 12
-73.69551813004514
 22
-68.46926627053963
 32
6.0
 13
-72.82842712474618
 23
-67.17157287525382
 33
6.0
  0
3DFACE
  5
55
330
17
100
AcDbEntity
  8
COTAS
100
AcDbFace
 10
-70.0
 20
-70.0
 30
-1.0
 11
-72.82842712474618
 21
-67.17157287525382
 31
-1.0
 12
-73.69551813004514
 22
-68.46926627053963
 32
-1.0
 13
-70.0
 23
-70.0
 33
-1.0
  0
3DFACE
  5
56
330
17
100
AcDbEntity
  8
COTAS
100
AcDbFace
 10
-70.0
 20
-70.0
 30
6.0
 11
-72.82842712474618
 21
-67.17157287525382
 31
6.0
 12
-73.69551813004514
 22
-68.46926627053963
 32
6.0
 13
-70.0
 23
-70.0
 33
6.0
  0
3DFACE
  5
57
330
17
100
AcDbEntity
  8
COTAS
100
AcDbFace
 10
-73.69551813004514
 20
-68.46926627053963
 30
-1.0
 11
-74.0
 21
-70.0
 31
-1.0
 12
-74.0
 22
-70.0
 32
6.0
 13
-73.69551813004514
 23
-68.46926627053963
 33
6.0
  0
3DFACE
  5
58
330
17
100
AcDbEntity
  8
COTAS
100
AcDbFace
 10
-70.0
 20
-70.0
 30
-1.0
 11
-73.69551813004514
 21
-68.46926627053963
 31
-1.0
 12
-74.0
 22
-70.0
 32
-1.0
 13
-70.0
 23
-70.0
 33
-1.0
  0
3DFACE
  5
59
330
17
100
AcDbEntity
  8
COTAS
100
AcDbFace
 10
-70.0
 20
-70.0
 30
6.0
 11
-73.69551813004514
 21
-68.46926627053963
 31
6.0
 12
-74.0
 22
-70.0
 32
6.0
 13
-70.0
 23
-70.0
 33
6.0
  0
3DFACE
  5
5A
330
17
100
AcDbEntity
  8
COTAS
100
AcDbFace
 10
-74.0
 20
-70.0
 30
-1.0
 11
-73.69551813004514
 21
-71.53073372946037
 31
-1.0
 12
-73.69551813004514
 22
-71.53073372946037
 32
6.0
 13
-74.0
 23
-70.0
 33
6.0
  0
3DFACE
  5
5B
330
17
100
AcDbEntity
  8
COTAS
100
AcDbFace
 10
-70.0
 20
-70.0
 30
-1.0
 11
-74.0
 21
-70.0
 31
-1.0
 12
-73.69551813004514
 22
-71.53073372946037
 32
-1.0
 13
-70.0
 23
-70.0
 33
-1.0
  0
3DFACE
  5
5C
330
17
100
AcDbEntity
  8
COTAS
100
AcDbFace
 10
-70.0
 20
-70.0
 30
6.0
 11
-74.0
 21
-70.0
 31
6.0
 12
-73.69551813004514
 22
-71.53073372946037
 32
6.0
 13
-70.0
 23
-70.0
 33
6.0
  0
3DFACE
  5
5D
330
17
100
AcDbEntity
  8
COTAS
100
AcDbFace
 10
-73.69551813004514
 20
-71.53073372946037
 30
-1.0
 11
-72.82842712474618
 21
-72.82842712474618
 31
-1.0
 12
-72.82842712474618
 22
-72.82842712474618
 32
6.0
 13
-73.69551813004514
 23
-71.53073372946037
 33
6.0
  0
3DFACE
  5
5E
330
17
100
AcDbEntity
  8
COTAS
100
AcDbFace
 10
-70.0
 20
-70.0
 30
-1.0
 11
-73.69551813004514
 21
-71.53073372946037
 31
-1.0
 12
-72.82842712474618
 22
-72.82842712474618
 32
-1.0
 13
-70.0
 23
-70.0
 33
-1.0
  0
3DFACE
  5
5F
330
17
100
AcDbEntity
  8
COTAS
100
AcDbFace
 10
-70.0
 20
-70.0
 30
6.0
 11
-73.69551813004514
 21
-71.53073372946037
 31
6.0
 12
-72.82842712474618
 22
-72.82842712474618
 32
6.0
 13
-70.0
 23
-70.0
 33
6.0
  0
3DFACE
  5
60
330
17
100
AcDbEntity
  8
COTAS
100
AcDbFace
 10
-72.82842712474618
 20
-72.82842712474618
 30
-1.0
 11
-71.53073372946037
 21
-73.69551813004514
 31
-1.0
 12
-71.53073372946037
 22
-73.69551813004514
 32
6.0
 13
-72.82842712474618
 23
-72.82842712474618
 33
6.0
  0
3DFACE
  5
61
330
17
100
AcDbEntity
  8
COTAS
100
AcDbFace
 10
-70.0
 20
-70.0
 30
-1.0
 11
-72.82842712474618
 21
-72.82842712474618
 31
-1.0
 12
-71.53073372946037
 22
-73.69551813004514
 32
-1.0
 13
-70.0
 23
-70.0
 33
-1.0
  0
3DFACE
  5
62
330
17
100
AcDbEntity
  8
COTAS
100
AcDbFace
 10
-70.0
 20
-70.0
 30
6.0
 11
-72.82842712474618
 21
-72.82842712474618
 31
6.0
 12
-71.53073372946037
 22
-73.69551813004514
 32
6.0
 13
-70.0
 23
-70.0
 33
6.0
  0
3DFACE
  5
63
330
17
100
AcDbEntity
  8
COTAS
100
AcDbFace
 10
-71.53073372946037
 20
-73.69551813004514
 30
-1.0
 11
-70.0
 21
-74.0
 31
-1.0
 12
-70.0
 22
-74.0
 32
6.0
 13
-71.53073372946037
 23
-73.69551813004514
 33
6.0
  0
3DFACE
  5
64
330
17
100
AcDbEntity
  8
COTAS
100
AcDbFace
 10
-70.0
 20
-70.0
 30
-1.0
 11
-71.53073372946037
 21
-73.69551813004514
 31
-1.0
 12
-70.0
 22
-74.0
 32
-1.0
 13
-70.0
 23
-70.0
 33
-1.0
  0
3DFACE
  5
65
330
17
100
AcDbEntity
  8
COTAS
100
AcDbFace
 10
-70.0
 20
-70.0
 30
6.0
 11
-71.53073372946037
 21
-73.69551813004514
 31
6.0
 12
-70.0
 22
-74.0
 32
6.0
 13
-70.0
 23
-70.0
 33
6.0
  0
3DFACE
  5
66
330
17
100
AcDbEntity
  8
COTAS
100
AcDbFace
 10
-70.0
 20
-74.0
 30
-1.0
 11
-68.46926627053963
 21
-73.69551813004514
 31
-1.0
 12
-68.46926627053963
 22
-73.69551813004514
 32
6.0
 13
-70.0
 23
-74.0
 33
6.0
  0
3DFACE
  5
67
330
17
100
AcDbEntity
  8
COTAS
100
AcDbFace
 10
-70.0
 20
-70.0
 30
-1.0
 11
-70.0
 21
-74.0
 31
-1.0
 12
-68.46926627053963
 22
-73.69551813004514
 32
-1.0
 13
-70.0
 23
-70.0
 33
-1.0
  0
3DFACE
  5
68
330
17
100
AcDbEntity
  8
COTAS
100
AcDbFace
 10
-70.0
 20
-70.0
 30
6.0
 11
-70.0
 21
-74.0
 31
6.0
 12
-68.46926627053963
 22
-73.69551813004514
 32
6.0
 13
-70.0
 23
-70.0
 33
6.0
  0
3DFACE
  5
69
330
17
100
AcDbEntity
  8
COTAS
100
AcDbFace
 10
-68.46926627053963
 20
-73.69551813004514
 30
-1.0
 11
-67.17157287525382
 21
-72.82842712474618
 31
-1.0
 12
-67.17157287525382
 22
-72.82842712474618
 32
6.0
 13
-68.46926627053963
 23
-73.69551813004514
 33
6.0
  0
3DFACE
  5
6A
330
17
100
AcDbEntity
  8
COTAS
100
AcDbFace
 10
-70.0
 20
-70.0
 30
-1.0
 11
-68.46926627053963
 21
-73.69551813004514
 31
-1.0
 12
-67.17157287525382
 22
-72.82842712474618
 32
-1.0
 13
-70.0
 23
-70.0
 33
-1.0
  0
3DFACE
  5
6B
330
17
100
AcDbEntity
  8
COTAS
100
AcDbFace
 10
-70.0
 20
-70.0
 30
6.0
 11
-68.46926627053963
 21
-73.69551813004514
 31
6.0
 12
-67.17157287525382
 22
-72.82842712474618
 32
6.0
 13
-70.0
 23
-70.0
 33
6.0
  0
3DFACE
  5
6C
330
17
100
AcDbEntity
  8
COTAS
100
AcDbFace
 10
-67.17157287525382
 20
-72.82842712474618
 30
-1.0
 11
-66.30448186995486
 21
-71.53073372946037
 31
-1.0
 12
-66.30448186995486
 22
-71.53073372946037
 32
6.0
 13
-67.17157287525382
 23
-72.82842712474618
 33
6.0
  0
3DFACE
  5
6D
330
17
100
AcDbEntity
  8
COTAS
100
AcDbFace
 10
-70.0
 20
-70.0
 30
-1.0
 11
-67.17157287525382
 21
-72.82842712474618
 31
-1.0
 12
-66.30448186995486
 22
-71.53073372946037
 32
-1.0
 13
-70.0
 23
-70.0
 33
-1.0
  0
3DFACE
  5
6E
330
17
100
AcDbEntity
  8
COTAS
100
AcDbFace
 10
-70.0
 20
-70.0
 30
6.0
 11
-67.17157287525382
 21
-72.82842712474618
 31
6.0
 12
-66.30448186995486
 22
-71.53073372946037
 32
6.0
 13
-70.0
 23
-70.0
 33
6.0
  0
3DFACE
  5
6F
330
17
100
AcDbEntity
  8
COTAS
100
AcDbFace
 10
-66.30448186995486
 20
-71.53073372946037
 30
-1.0
 11
-66.0
 21
-70.0
 31
-1.0
 12
-66.0
 22
-70.0
 32
6.0
 13
-66.30448186995486
 23
-71.53073372946037
 33
6.0
  0
3DFACE
  5
70
330
17
100
AcDbEntity
  8
COTAS
100
AcDbFace
 10
-70.0
 20
-70.0
 30
-1.0
 11
-66.30448186995486
 21
-71.53073372946037
 31
-1.0
 12
-66.0
 22
-70.0
 32
-1.0
 13
-70.0
 23
-70.0
 33
-1.0
  0
3DFACE
  5
71
330
17
100
AcDbEntity
  8
COTAS
100
AcDbFace
 10
-70.0
 20
-70.0
 30
6.0
 11
-66.30448186995486
 21
-71.53073372946037
 31
6.0
 12
-66.0
 22
-70.0
 32
6.0
 13
-70.0
 23
-70.0
 33
6.0
  0
3DFACE
  5
72
330
17
100
AcDbEntity
  8
COTAS
100
AcDbFace
 10
74.0
 20
-70.0
 30
-1.0
 11
73.69551813004514
 21
-68.46926627053963
 31
-1.0
 12
73.69551813004514
 22
-68.46926627053963
 32
6.0
 13
74.0
 23
-70.0
 33
6.0
  0
3DFACE
  5
73
330
17
100
AcDbEntity
  8
COTAS
100
AcDbFace
 10
70.0
 20
-70.0
 30
-1.0
 11
74.0
 21
-70.0
 31
-1.0
 12
73.69551813004514
 22
-68.46926627053963
 32
-1.0
 13
70.0
 23
-70.0
 33
-1.0
  0
3DFACE
  5
74
330
17
100
AcDbEntity
  8
COTAS
100
AcDbFace
 10
70.0
 20
-70.0
 30
6.0
 11
74.0
 21
-70.0
 31
6.0
 12
73.69551813004514
 22
-68.46926627053963
 32
6.0
 13
70.0
 23
-70.0
 33
6.0
  0
3DFACE
  5
75
330
17
100
AcDbEntity
  8
COTAS
100
AcDbFace
 10
73.69551813004514
 20
-68.46926627053963
 30
-1.0
 11
72.82842712474618
 21
-67.17157287525382
 31
-1.0
 12
72.82842712474618
 22
-67.17157287525382
 32
6.0
 13
73.69551813004514
 23
-68.46926627053963
 33
6.0
  0
3DFACE
  5
76
330
17
100
AcDbEntity
  8
COTAS
100
AcDbFace
 10
70.0
 20
-70.0
 30
-1.0
 11
73.69551813004514
 21
-68.46926627053963
 31
-1.0
 12
72.82842712474618
 22
-67.17157287525382
 32
-1.0
 13
70.0
 23
-70.0
 33
-1.0
  0
3DFACE
  5
77
330
17
100
AcDbEntity
  8
COTAS
100
AcDbFace
 10
70.0
 20
-70.0
 30
6.0
 11
73.69551813004514
 21
-68.46926627053963
 31
6.0
 12
72.82842712474618
 22
-67.17157287525382
 32
6.0
 13
70.0
 23
-70.0
 33
6.0
  0
3DFACE
  5
78
330
17
100
AcDbEntity
  8
COTAS
100
AcDbFace
 10
72.82842712474618
 20
-67.17157287525382
 30
-1.0
 11
71.53073372946037
 21
-66.30448186995486
 31
-1.0
 12
71.53073372946037
 22
-66.30448186995486
 32
6.0
 13
72.82842712474618
 23
-67.17157287525382
 33
6.0
  0
3DFACE
  5
79
330
17
100
AcDbEntity
  8
COTAS
100
AcDbFace
 10
70.0
 20
-70.0
 30
-1.0
 11
72.82842712474618
 21
-67.17157287525382
 31
-1.0
 12
71.53073372946037
 22
-66.30448186995486
 32
-1.0
 13
70.0
 23
-70.0
 33
-1.0
  0
3DFACE
  5
7A
330
17
100
AcDbEntity
  8
COTAS
100
AcDbFace
 10
70.0
 20
-70.0
 30
6.0
 11
72.82842712474618
 21
-67.17157287525382
 31
6.0
 12
71.53073372946037
 22
-66.30448186995486
 32
6.0
 13
70.0
 23
-70.0
 33
6.0
  0
3DFACE
  5
7B
330
17
100
AcDbEntity
  8
COTAS
100
AcDbFace
 10
71.53073372946037
 20
-66.30448186995486
 30
-1.0
 11
70.0
 21
-66.0
 31
-1.0
 12
70.0
 22
-66.0
 32
6.0
 13
71.53073372946037
 23
-66.30448186995486
 33
6.0
  0
3DFACE
  5
7C
330
17
100
AcDbEntity
  8
COTAS
100
AcDbFace
 10
70.0
 20
-70.0
 30
-1.0
 11
71.53073372946037
 21
-66.30448186995486
 31
-1.0
 12
70.0
 22
-66.0
 32
-1.0
 13
70.0
 23
-70.0
 33
-1.0
  0
3DFACE
  5
7D
330
17
100
AcDbEntity
  8
COTAS
100
AcDbFace
 10
70.0
 20
-70.0
 30
6.0
 11
71.53073372946037
 21
-66.30448186995486
 31
6.0
 12
70.0
 22
-66.0
 32
6.0
 13
70.0
 23
-70.0
 33
6.0
  0
3DFACE
  5
7E
330
17
100
AcDbEntity
  8
COTAS
100
AcDbFace
 10
70.0
 20
-66.0
 30
-1.0
 11
68.46926627053963
 21
-66.30448186995486
 31
-1.0
 12
68.46926627053963
 22
-66.30448186995486
 32
6.0
 13
70.0
 23
-66.0
 33
6.0
  0
3DFACE
  5
7F
330
17
100
AcDbEntity
  8
COTAS
100
AcDbFace
 10
70.0
 20
-70.0
 30
-1.0
 11
70.0
 21
-66.0
 31
-1.0
 12
68.46926627053963
 22
-66.30448186995486
 32
-1.0
 13
70.0
 23
-70.0
 33
-1.0
  0
3DFACE
  5
80
330
17
100
AcDbEntity
  8
COTAS
100
AcDbFace
 10
70.0
 20
-70.0
 30
6.0
 11
70.0
 21
-66.0
 31
6.0
 12
68.46926627053963
 22
-66.30448186995486
 32
6.0
 13
70.0
 23
-70.0
 33
6.0
  0
3DFACE
  5
81
330
17
100
AcDbEntity
  8
COTAS
100
AcDbFace
 10
68.46926627053963
 20
-66.30448186995486
 30
-1.0
 11
67.17157287525382
 21
-67.17157287525382
 31
-1.0
 12
67.17157287525382
 22
-67.17157287525382
 32
6.0
 13
68.46926627053963
 23
-66.30448186995486
 33
6.0
  0
3DFACE
  5
82
330
17
100
AcDbEntity
  8
COTAS
100
AcDbFace
 10
70.0
 20
-70.0
 30
-1.0
 11
68.46926627053963
 21
-66.30448186995486
 31
-1.0
 12
67.17157287525382
 22
-67.17157287525382
 32
-1.0
 13
70.0
 23
-70.0
 33
-1.0
  0
3DFACE
  5
83
330
17
100
AcDbEntity
  8
COTAS
100
AcDbFace
 10
70.0
 20
-70.0
 30
6.0
 11
68.46926627053963
 21
-66.30448186995486
 31
6.0
 12
67.17157287525382
 22
-67.17157287525382
 32
6.0
 13
70.0
 23
-70.0
 33
6.0
  0
3DFACE
  5
84
330
17
100
AcDbEntity
  8
COTAS
100
AcDbFace
 10
67.17157287525382
 20
-67.17157287525382
 30
-1.0
 11
66.30448186995486
 21
-68.46926627053963
 31
-1.0
 12
66.30448186995486
 22
-68.46926627053963
 32
6.0
 13
67.17157287525382
 23
-67.17157287525382
 33
6.0
  0
3DFACE
  5
85
330
17
100
AcDbEntity
  8
COTAS
100
AcDbFace
 10
70.0
 20
-70.0
 30
-1.0
 11
67.17157287525382
 21
-67.17157287525382
 31
-1.0
 12
66.30448186995486
 22
-68.46926627053963
 32
-1.0
 13
70.0
 23
-70.0
 33
-1.0
  0
3DFACE
  5
86
330
17
100
AcDbEntity
  8
COTAS
100
AcDbFace
 10
70.0
 20
-70.0
 30
6.0
 11
67.17157287525382
 21
-67.17157287525382
 31
6.0
 12
66.30448186995486
 22
-68.46926627053963
 32
6.0
 13
70.0
 23
-70.0
 33
6.0
  0
3DFACE
  5
87
330
17
100
AcDbEntity
  8
COTAS
100
AcDbFace
 10
66.30448186995486
 20
-68.46926627053963
 30
-1.0
 11
66.0
 21
-70.0
 31
-1.0
 12
66.0
 22
-70.0
 32
6.0
 13
66.30448186995486
 23
-68.46926627053963
 33
6.0
  0
3DFACE
  5
88
330
17
100
AcDbEntity
  8
COTAS
100
AcDbFace
 10
70.0
 20
-70.0
 30
-1.0
 11
66.30448186995486
 21
-68.46926627053963
 31
-1.0
 12
66.0
 22
-70.0
 32
-1.0
 13
70.0
 23
-70.0
 33
-1.0
  0
3DFACE
  5
89
330
17
100
AcDbEntity
  8
COTAS
100
AcDbFace
 10
70.0
 20
-70.0
 30
6.0
 11
66.30448186995486
 21
-68.46926627053963
 31
6.0
 12
66.0
 22
-70.0
 32
6.0
 13
70.0
 23
-70.0
 33
6.0
  0
3DFACE
  5
8A
330
17
100
AcDbEntity
  8
COTAS
100
AcDbFace
 10
66.0
 20
-70.0
 30
-1.0
 11
66.30448186995486
 21
-71.53073372946037
 31
-1.0
 12
66.30448186995486
 22
-71.53073372946037
 32
6.0
 13
66.0
 23
-70.0
 33
6.0
  0
3DFACE
  5
8B
330
17
100
AcDbEntity
  8
COTAS
100
AcDbFace
 10
70.0
 20
-70.0
 30
-1.0
 11
66.0
 21
-70.0
 31
-1.0
 12
66.30448186995486
 22
-71.53073372946037
 32
-1.0
 13
70.0
 23
-70.0
 33
-1.0
  0
3DFACE
  5
8C
330
17
100
AcDbEntity
  8
COTAS
100
AcDbFace
 10
70.0
 20
-70.0
 30
6.0
 11
66.0
 21
-70.0
 31
6.0
 12
66.30448186995486
 22
-71.53073372946037
 32
6.0
 13
70.0
 23
-70.0
 33
6.0
  0
3DFACE
  5
8D
330
17
100
AcDbEntity
  8
COTAS
100
AcDbFace
 10
66.30448186995486
 20
-71.53073372946037
 30
-1.0
 11
67.17157287525382
 21
-72.82842712474618
 31
-1.0
 12
67.17157287525382
 22
-72.82842712474618
 32
6.0
 13
66.30448186995486
 23
-71.53073372946037
 33
6.0
  0
3DFACE
  5
8E
330
17
100
AcDbEntity
  8
COTAS
100
AcDbFace
 10
70.0
 20
-70.0
 30
-1.0
 11
66.30448186995486
 21
-71.53073372946037
 31
-1.0
 12
67.17157287525382
 22
-72.82842712474618
 32
-1.0
 13
70.0
 23
-70.0
 33
-1.0
  0
3DFACE
  5
8F
330
17
100
AcDbEntity
  8
COTAS
100
AcDbFace
 10
70.0
 20
-70.0
 30
6.0
 11
66.30448186995486
 21
-71.53073372946037
 31
6.0
 12
67.17157287525382
 22
-72.82842712474618
 32
6.0
 13
70.0
 23
-70.0
 33
6.0
  0
3DFACE
  5
90
330
17
100
AcDbEntity
  8
COTAS
100
AcDbFace
 10
67.17157287525382
 20
-72.82842712474618
 30
-1.0
 11
68.46926627053963
 21
-73.69551813004514
 31
-1.0
 12
68.46926627053963
 22
-73.69551813004514
 32
6.0
 13
67.17157287525382
 23
-72.82842712474618
 33
6.0
  0
3DFACE
  5
91
330
17
100
AcDbEntity
  8
COTAS
100
AcDbFace
 10
70.0
 20
-70.0
 30
-1.0
 11
67.17157287525382
 21
-72.82842712474618
 31
-1.0
 12
68.46926627053963
 22
-73.69551813004514
 32
-1.0
 13
70.0
 23
-70.0
 33
-1.0
  0
3DFACE
  5
92
330
17
100
AcDbEntity
  8
COTAS
100
AcDbFace
 10
70.0
 20
-70.0
 30
6.0
 11
67.17157287525382
 21
-72.82842712474618
 31
6.0
 12
68.46926627053963
 22
-73.69551813004514
 32
6.0
 13
70.0
 23
-70.0
 33
6.0
  0
3DFACE
  5
93
330
17
100
AcDbEntity
  8
COTAS
100
AcDbFace
 10
68.46926627053963
 20
-73.69551813004514
 30
-1.0
 11
70.0
 21
-74.0
 31
-1.0
 12
70.0
 22
-74.0
 32
6.0
 13
68.46926627053963
 23
-73.69551813004514
 33
6.0
  0
3DFACE
  5
94
330
17
100
AcDbEntity
  8
COTAS
100
AcDbFace
 10
70.0
 20
-70.0
 30
-1.0
 11
68.46926627053963
 21
-73.69551813004514
 31
-1.0
 12
70.0
 22
-74.0
 32
-1.0
 13
70.0
 23
-70.0
 33
-1.0
  0
3DFACE
  5
95
330
17
100
AcDbEntity
  8
COTAS
100
AcDbFace
 10
70.0
 20
-70.0
 30
6.0
 11
68.46926627053963
 21
-73.69551813004514
 31
6.0
 12
70.0
 22
-74.0
 32
6.0
 13
70.0
 23
-70.0
 33
6.0
  0
3DFACE
  5
96
330
17
100
AcDbEntity
  8
COTAS
100
AcDbFace
 10
70.0
 20
-74.0
 30
-1.0
 11
71.53073372946037
 21
-73.69551813004514
 31
-1.0
 12
71.53073372946037
 22
-73.69551813004514
 32
6.0
 13
70.0
 23
-74.0
 33
6.0
  0
3DFACE
  5
97
330
17
100
AcDbEntity
  8
COTAS
100
AcDbFace
 10
70.0
 20
-70.0
 30
-1.0
 11
70.0
 21
-74.0
 31
-1.0
 12
71.53073372946037
 22
-73.69551813004514
 32
-1.0
 13
70.0
 23
-70.0
 33
-1.0
  0
3DFACE
  5
98
330
17
100
AcDbEntity
  8
COTAS
100
AcDbFace
 10
70.0
 20
-70.0
 30
6.0
 11
70.0
 21
-74.0
 31
6.0
 12
71.53073372946037
 22
-73.69551813004514
 32
6.0
 13
70.0
 23
-70.0
 33
6.0
  0
3DFACE
  5
99
330
17
100
AcDbEntity
  8
COTAS
100
AcDbFace
 10
71.53073372946037
 20
-73.69551813004514
 30
-1.0
 11
72.82842712474618
 21
-72.82842712474618
 31
-1.0
 12
72.82842712474618
 22
-72.82842712474618
 32
6.0
 13
71.53073372946037
 23
-73.69551813004514
 33
6.0
  0
3DFACE
  5
9A
330
17
100
AcDbEntity
  8
COTAS
100
AcDbFace
 10
70.0
 20
-70.0
 30
-1.0
 11
71.53073372946037
 21
-73.69551813004514
 31
-1.0
 12
72.82842712474618
 22
-72.82842712474618
 32
-1.0
 13
70.0
 23
-70.0
 33
-1.0
  0
3DFACE
  5
9B
330
17
100
AcDbEntity
  8
COTAS
100
AcDbFace
 10
70.0
 20
-70.0
 30
6.0
 11
71.53073372946037
 21
-73.69551813004514
 31
6.0
 12
72.82842712474618
 22
-72.82842712474618
 32
6.0
 13
70.0
 23
-70.0
 33
6.0
  0
3DFACE
  5
9C
330
17
100
AcDbEntity
  8
COTAS
100
AcDbFace
 10
72.82842712474618
 20
-72.82842712474618
 30
-1.0
 11
73.69551813004514
 21
-71.53073372946037
 31
-1.0
 12
73.69551813004514
 22
-71.53073372946037
 32
6.0
 13
72.82842712474618
 23
-72.82842712474618
 33
6.0
  0
3DFACE
  5
9D
330
17
100
AcDbEntity
  8
COTAS
100
AcDbFace
 10
70.0
 20
-70.0
 30
-1.0
 11
72.82842712474618
 21
-72.82842712474618
 31
-1.0
 12
73.69551813004514
 22
-71.53073372946037
 32
-1.0
 13
70.0
 23
-70.0
 33
-1.0
  0
3DFACE
  5
9E
330
17
100
AcDbEntity
  8
COTAS
100
AcDbFace
 10
70.0
 20
-70.0
 30
6.0
 11
72.82842712474618
 21
-72.82842712474618
 31
6.0
 12
73.69551813004514
 22
-71.53073372946037
 32
6.0
 13
70.0
 23
-70.0
 33
6.0
  0
3DFACE
  5
9F
330
17
100
AcDbEntity
  8
COTAS
100
AcDbFace
 10
73.69551813004514
 20
-71.53073372946037
 30
-1.0
 11
74.0
 21
-70.0
 31
-1.0
 12
74.0
 22
-70.0
 32
6.0
 13
73.69551813004514
 23
-71.53073372946037
 33
6.0
  0
3DFACE
  5
A0
330
17
100
AcDbEntity
  8
COTAS
100
AcDbFace
 10
70.0
 20
-70.0
 30
-1.0
 11
73.69551813004514
 21
-71.53073372946037
 31
-1.0
 12
74.0
 22
-70.0
 32
-1.0
 13
70.0
 23
-70.0
 33
-1.0
  0
3DFACE
  5
A1
330
17
100
AcDbEntity
  8
COTAS
100
AcDbFace
 10
70.0
 20
-70.0
 30
6.0
 11
73.69551813004514
 21
-71.53073372946037
 31
6.0
 12
74.0
 22
-70.0
 32
6.0
 13
70.0
 23
-70.0
 33
6.0
  0
3DFACE
  5
A2
330
17
100
AcDbEntity
  8
COTAS
100
AcDbFace
 10
-66.0
 20
70.0
 30
-1.0
 11
-66.30448186995486
 21
71.53073372946037
 31
-1.0
 12
-66.30448186995486
 22
71.53073372946037
 32
6.0
 13
-66.0
 23
70.0
 33
6.0
  0
3DFACE
  5
A3
330
17
100
AcDbEntity
  8
COTAS
100
AcDbFace
 10
-70.0
 20
70.0
 30
-1.0
 11
-66.0
 21
70.0
 31
-1.0
 12
-66.30448186995486
 22
71.53073372946037
 32
-1.0
 13
-70.0
 23
70.0
 33
-1.0
  0
3DFACE
  5
A4
330
17
100
AcDbEntity
  8
COTAS
100
AcDbFace
 10
-70.0
 20
70.0
 30
6.0
 11
-66.0
 21
70.0
 31
6.0
 12
-66.30448186995486
 22
71.53073372946037
 32
6.0
 13
-70.0
 23
70.0
 33
6.0
  0
3DFACE
  5
A5
330
17
100
AcDbEntity
  8
COTAS
100
AcDbFace
 10
-66.30448186995486
 20
71.53073372946037
 30
-1.0
 11
-67.17157287525382
 21
72.82842712474618
 31
-1.0
 12
-67.17157287525382
 22
72.82842712474618
 32
6.0
 13
-66.30448186995486
 23
71.53073372946037
 33
6.0
  0
3DFACE
  5
A6
330
17
100
AcDbEntity
  8
COTAS
100
AcDbFace
 10
-70.0
 20
70.0
 30
-1.0
 11
-66.30448186995486
 21
71.53073372946037
 31
-1.0
 12
-67.17157287525382
 22
72.82842712474618
 32
-1.0
 13
-70.0
 23
70.0
 33
-1.0
  0
3DFACE
  5
A7
330
17
100
AcDbEntity
  8
COTAS
100
AcDbFace
 10
-70.0
 20
70.0
 30
6.0
 11
-66.30448186995486
 21
71.53073372946037
 31
6.0
 12
-67.17157287525382
 22
72.82842712474618
 32
6.0
 13
-70.0
 23
70.0
 33
6.0
  0
3DFACE
  5
A8
330
17
100
AcDbEntity
  8
COTAS
100
AcDbFace
 10
-67.17157287525382
 20
72.82842712474618
 30
-1.0
 11
-68.46926627053963
 21
73.69551813004514
 31
-1.0
 12
-68.46926627053963
 22
73.69551813004514
 32
6.0
 13
-67.17157287525382
 23
72.82842712474618
 33
6.0
  0
3DFACE
  5
A9
330
17
100
AcDbEntity
  8
COTAS
100
AcDbFace
 10
-70.0
 20
70.0
 30
-1.0
 11
-67.17157287525382
 21
72.82842712474618
 31
-1.0
 12
-68.46926627053963
 22
73.69551813004514
 32
-1.0
 13
-70.0
 23
70.0
 33
-1.0
  0
3DFACE
  5
AA
330
17
100
AcDbEntity
  8
COTAS
100
AcDbFace
 10
-70.0
 20
70.0
 30
6.0
 11
-67.17157287525382
 21
72.82842712474618
 31
6.0
 12
-68.46926627053963
 22
73.69551813004514
 32
6.0
 13
-70.0
 23
70.0
 33
6.0
  0
3DFACE
  5
AB
330
17
100
AcDbEntity
  8
COTAS
100
AcDbFace
 10
-68.46926627053963
 20
73.69551813004514
 30
-1.0
 11
-70.0
 21
74.0
 31
-1.0
 12
-70.0
 22
74.0
 32
6.0
 13
-68.46926627053963
 23
73.69551813004514
 33
6.0
  0
3DFACE
  5
AC
330
17
100
AcDbEntity
  8
COTAS
100
AcDbFace
 10
-70.0
 20
70.0
 30
-1.0
 11
-68.46926627053963
 21
73.69551813004514
 31
-1.0
 12
-70.0
 22
74.0
 32
-1.0
 13
-70.0
 23
70.0
 33
-1.0
  0
3DFACE
  5
AD
330
17
100
AcDbEntity
  8
COTAS
100
AcDbFace
 10
-70.0
 20
70.0
 30
6.0
 11
-68.46926627053963
 21
73.69551813004514
 31
6.0
 12
-70.0
 22
74.0
 32
6.0
 13
-70.0
 23
70.0
 33
6.0
  0
3DFACE
  5
AE
330
17
100
AcDbEntity
  8
COTAS
100
AcDbFace
 10
-70.0
 20
74.0
 30
-1.0
 11
-71.53073372946037
 21
73.69551813004514
 31
-1.0
 12
-71.53073372946037
 22
73.69551813004514
 32
6.0
 13
-70.0
 23
74.0
 33
6.0
  0
3DFACE
  5
AF
330
17
100
AcDbEntity
  8
COTAS
100
AcDbFace
 10
-70.0
 20
70.0
 30
-1.0
 11
-70.0
 21
74.0
 31
-1.0
 12
-71.53073372946037
 22
73.69551813004514
 32
-1.0
 13
-70.0
 23
70.0
 33
-1.0
  0
3DFACE
  5
B0
330
17
100
AcDbEntity
  8
COTAS
100
AcDbFace
 10
-70.0
 20
70.0
 30
6.0
 11
-70.0
 21
74.0
 31
6.0
 12
-71.53073372946037
 22
73.69551813004514
 32
6.0
 13
-70.0
 23
70.0
 33
6.0
  0
3DFACE
  5
B1
330
17
100
AcDbEntity
  8
COTAS
100
AcDbFace
 10
-71.53073372946037
 20
73.69551813004514
 30
-1.0
 11
-72.82842712474618
 21
72.82842712474618
 31
-1.0
 12
-72.82842712474618
 22
72.82842712474618
 32
6.0
 13
-71.53073372946037
 23
73.69551813004514
 33
6.0
  0
3DFACE
  5
B2
330
17
100
AcDbEntity
  8
COTAS
100
AcDbFace
 10
-70.0
 20
70.0
 30
-1.0
 11
-71.53073372946037
 21
73.69551813004514
 31
-1.0
 12
-72.82842712474618
 22
72.82842712474618
 32
-1.0
 13
-70.0
 23
70.0
 33
-1.0
  0
3DFACE
  5
B3
330
17
100
AcDbEntity
  8
COTAS
100
AcDbFace
 10
-70.0
 20
70.0
 30
6.0
 11
-71.53073372946037
 21
73.69551813004514
 31
6.0
 12
-72.82842712474618
 22
72.82842712474618
 32
6.0
 13
-70.0
 23
70.0
 33
6.0
  0
3DFACE
  5
B4
330
17
100
AcDbEntity
  8
COTAS
100
AcDbFace
 10
-72.82842712474618
 20
72.82842712474618
 30
-1.0
 11
-73.69551813004514
 21
71.53073372946037
 31
-1.0
 12
-73.69551813004514
 22
71.53073372946037
 32
6.0
 13
-72.82842712474618
 23
72.82842712474618
 33
6.0
  0
3DFACE
  5
B5
330
17
100
AcDbEntity
  8
COTAS
100
AcDbFace
 10
-70.0
 20
70.0
 30
-1.0
 11
-72.82842712474618
 21
72.82842712474618
 31
-1.0
 12
-73.69551813004514
 22
71.53073372946037
 32
-1.0
 13
-70.0
 23
70.0
 33
-1.0
  0
3DFACE
  5
B6
330
17
100
AcDbEntity
  8
COTAS
100
AcDbFace
 10
-70.0
 20
70.0
 30
6.0
 11
-72.82842712474618
 21
72.82842712474618
 31
6.0
 12
-73.69551813004514
 22
71.53073372946037
 32
6.0
 13
-70.0
 23
70.0
 33
6.0
  0
3DFACE
  5
B7
330
17
100
AcDbEntity
  8
COTAS
100
AcDbFace
 10
-73.69551813004514
 20
71.53073372946037
 30
-1.0
 11
-74.0
 21
70.0
 31
-1.0
 12
-74.0
 22
70.0
 32
6.0
 13
-73.69551813004514
 23
71.53073372946037
 33
6.0
  0
3DFACE
  5
B8
330
17
100
AcDbEntity
  8
COTAS
100
AcDbFace
 10
-70.0
 20
70.0
 30
-1.0
 11
-73.69551813004514
 21
71.53073372946037
 31
-1.0
 12
-74.0
 22
70.0
 32
-1.0
 13
-70.0
 23
70.0
 33
-1.0
  0
3DFACE
  5
B9
330
17
100
AcDbEntity
  8
COTAS
100
AcDbFace
 10
-70.0
 20
70.0
 30
6.0
 11
-73.69551813004514
 21
71.53073372946037
 31
6.0
 12
-74.0
 22
70.0
 32
6.0
 13
-70.0
 23
70.0
 33
6.0
  0
3DFACE
  5
BA
330
17
100
AcDbEntity
  8
COTAS
100
AcDbFace
 10
-74.0
 20
70.0
 30
-1.0
 11
-73.69551813004514
 21
68.46926627053963
 31
-1.0
 12
-73.69551813004514
 22
68.46926627053963
 32
6.0
 13
-74.0
 23
70.0
 33
6.0
  0
3DFACE
  5
BB
330
17
100
AcDbEntity
  8
COTAS
100
AcDbFace
 10
-70.0
 20
70.0
 30
-1.0
 11
-74.0
 21
70.0
 31
-1.0
 12
-73.69551813004514
 22
68.46926627053963
 32
-1.0
 13
-70.0
 23
70.0
 33
-1.0
  0
3DFACE
  5
BC
330
17
100
AcDbEntity
  8
COTAS
100
AcDbFace
 10
-70.0
 20
70.0
 30
6.0
 11
-74.0
 21
70.0
 31
6.0
 12
-73.69551813004514
 22
68.46926627053963
 32
6.0
 13
-70.0
 23
70.0
 33
6.0
  0
3DFACE
  5
BD
330
17
100
AcDbEntity
  8
COTAS
100
AcDbFace
 10
-73.69551813004514
 20
68.46926627053963
 30
-1.0
 11
-72.82842712474618
 21
67.17157287525382
 31
-1.0
 12
-72.82842712474618
 22
67.17157287525382
 32
6.0
 13
-73.69551813004514
 23
68.46926627053963
 33
6.0
  0
3DFACE
  5
BE
330
17
100
AcDbEntity
  8
COTAS
100
AcDbFace
 10
-70.0
 20
70.0
 30
-1.0
 11
-73.69551813004514
 21
68.46926627053963
 31
-1.0
 12
-72.82842712474618
 22
67.17157287525382
 32
-1.0
 13
-70.0
 23
70.0
 33
-1.0
  0
3DFACE
  5
BF
330
17
100
AcDbEntity
  8
COTAS
100
AcDbFace
 10
-70.0
 20
70.0
 30
6.0
 11
-73.69551813004514
 21
68.46926627053963
 31
6.0
 12
-72.82842712474618
 22
67.17157287525382
 32
6.0
 13
-70.0
 23
70.0
 33
6.0
  0
3DFACE
  5
C0
330
17
100
AcDbEntity
  8
COTAS
100
AcDbFace
 10
-72.82842712474618
 20
67.17157287525382
 30
-1.0
 11
-71.53073372946037
 21
66.30448186995486
 31
-1.0
 12
-71.53073372946037
 22
66.30448186995486
 32
6.0
 13
-72.82842712474618
 23
67.17157287525382
 33
6.0
  0
3DFACE
  5
C1
330
17
100
AcDbEntity
  8
COTAS
100
AcDbFace
 10
-70.0
 20
70.0
 30
-1.0
 11
-72.82842712474618
 21
67.17157287525382
 31
-1.0
 12
-71.53073372946037
 22
66.30448186995486
 32
-1.0
 13
-70.0
 23
70.0
 33
-1.0
  0
3DFACE
  5
C2
330
17
100
AcDbEntity
  8
COTAS
100
AcDbFace
 10
-70.0
 20
70.0
 30
6.0
 11
-72.82842712474618
 21
67.17157287525382
 31
6.0
 12
-71.53073372946037
 22
66.30448186995486
 32
6.0
 13
-70.0
 23
70.0
 33
6.0
  0
3DFACE
  5
C3
330
17
100
AcDbEntity
  8
COTAS
100
AcDbFace
 10
-71.53073372946037
 20
66.30448186995486
 30
-1.0
 11
-70.0
 21
66.0
 31
-1.0
 12
-70.0
 22
66.0
 32
6.0
 13
-71.53073372946037
 23
66.30448186995486
 33
6.0
  0
3DFACE
  5
C4
330
17
100
AcDbEntity
  8
COTAS
100
AcDbFace
 10
-70.0
 20
70.0
 30
-1.0
 11
-71.53073372946037
 21
66.30448186995486
 31
-1.0
 12
-70.0
 22
66.0
 32
-1.0
 13
-70.0
 23
70.0
 33
-1.0
  0
3DFACE
  5
C5
330
17
100
AcDbEntity
  8
COTAS
100
AcDbFace
 10
-70.0
 20
70.0
 30
6.0
 11
-71.53073372946037
 21
66.30448186995486
 31
6.0
 12
-70.0
 22
66.0
 32
6.0
 13
-70.0
 23
70.0
 33
6.0
  0
3DFACE
  5
C6
330
17
100
AcDbEntity
  8
COTAS
100
AcDbFace
 10
-70.0
 20
66.0
 30
-1.0
 11
-68.46926627053963
 21
66.30448186995486
 31
-1.0
 12
-68.46926627053963
 22
66.30448186995486
 32
6.0
 13
-70.0
 23
66.0
 33
6.0
  0
3DFACE
  5
C7
330
17
100
AcDbEntity
  8
COTAS
100
AcDbFace
 10
-70.0
 20
70.0
 30
-1.0
 11
-70.0
 21
66.0
 31
-1.0
 12
-68.46926627053963
 22
66.30448186995486
 32
-1.0
 13
-70.0
 23
70.0
 33
-1.0
  0
3DFACE
  5
C8
330
17
100
AcDbEntity
  8
COTAS
100
AcDbFace
 10
-70.0
 20
70.0
 30
6.0
 11
-70.0
 21
66.0
 31
6.0
 12
-68.46926627053963
 22
66.30448186995486
 32
6.0
 13
-70.0
 23
70.0
 33
6.0
  0
3DFACE
  5
C9
330
17
100
AcDbEntity
  8
COTAS
100
AcDbFace
 10
-68.46926627053963
 20
66.30448186995486
 30
-1.0
 11
-67.17157287525382
 21
67.17157287525382
 31
-1.0
 12
-67.17157287525382
 22
67.17157287525382
 32
6.0
 13
-68.46926627053963
 23
66.30448186995486
 33
6.0
  0
3DFACE
  5
CA
330
17
100
AcDbEntity
  8
COTAS
100
AcDbFace
 10
-70.0
 20
70.0
 30
-1.0
 11
-68.46926627053963
 21
66.30448186995486
 31
-1.0
 12
-67.17157287525382
 22
67.17157287525382
 32
-1.0
 13
-70.0
 23
70.0
 33
-1.0
  0
3DFACE
  5
CB
330
17
100
AcDbEntity
  8
COTAS
100
AcDbFace
 10
-70.0
 20
70.0
 30
6.0
 11
-68.46926627053963
 21
66.30448186995486
 31
6.0
 12
-67.17157287525382
 22
67.17157287525382
 32
6.0
 13
-70.0
 23
70.0
 33
6.0
  0
3DFACE
  5
CC
330
17
100
AcDbEntity
  8
COTAS
100
AcDbFace
 10
-67.17157287525382
 20
67.17157287525382
 30
-1.0
 11
-66.30448186995486
 21
68.46926627053963
 31
-1.0
 12
-66.30448186995486
 22
68.46926627053963
 32
6.0
 13
-67.17157287525382
 23
67.17157287525382
 33
6.0
  0
3DFACE
  5
CD
330
17
100
AcDbEntity
  8
COTAS
100
AcDbFace
 10
-70.0
 20
70.0
 30
-1.0
 11
-67.17157287525382
 21
67.17157287525382
 31
-1.0
 12
-66.30448186995486
 22
68.46926627053963
 32
-1.0
 13
-70.0
 23
70.0
 33
-1.0
  0
3DFACE
  5
CE
330
17
100
AcDbEntity
  8
COTAS
100
AcDbFace
 10
-70.0
 20
70.0
 30
6.0
 11
-67.17157287525382
 21
67.17157287525382
 31
6.0
 12
-66.30448186995486
 22
68.46926627053963
 32
6.0
 13
-70.0
 23
70.0
 33
6.0
  0
3DFACE
  5
CF
330
17
100
AcDbEntity
  8
COTAS
100
AcDbFace
 10
-66.30448186995486
 20
68.46926627053963
 30
-1.0
 11
-66.0
 21
70.0
 31
-1.0
 12
-66.0
 22
70.0
 32
6.0
 13
-66.30448186995486
 23
68.46926627053963
 33
6.0
  0
3DFACE
  5
D0
330
17
100
AcDbEntity
  8
COTAS
100
AcDbFace
 10
-70.0
 20
70.0
 30
-1.0
 11
-66.30448186995486
 21
68.46926627053963
 31
-1.0
 12
-66.0
 22
70.0
 32
-1.0
 13
-70.0
 23
70.0
 33
-1.0
  0
3DFACE
  5
D1
330
17
100
AcDbEntity
  8
COTAS
100
AcDbFace
 10
-70.0
 20
70.0
 30
6.0
 11
-66.30448186995486
 21
68.46926627053963
 31
6.0
 12
-66.0
 22
70.0
 32
6.0
 13
-70.0
 23
70.0
 33
6.0
  0
3DFACE
  5
D2
330
17
100
AcDbEntity
  8
COTAS
100
AcDbFace
 10
74.0
 20
70.0
 30
-1.0
 11
73.69551813004514
 21
71.53073372946037
 31
-1.0
 12
73.69551813004514
 22
71.53073372946037
 32
6.0
 13
74.0
 23
70.0
 33
6.0
  0
3DFACE
  5
D3
330
17
100
AcDbEntity
  8
COTAS
100
AcDbFace
 10
70.0
 20
70.0
 30
-1.0
 11
74.0
 21
70.0
 31
-1.0
 12
73.69551813004514
 22
71.53073372946037
 32
-1.0
 13
70.0
 23
70.0
 33
-1.0
  0
3DFACE
  5
D4
330
17
100
AcDbEntity
  8
COTAS
100
AcDbFace
 10
70.0
 20
70.0
 30
6.0
 11
74.0
 21
70.0
 31
6.0
 12
73.69551813004514
 22
71.53073372946037
 32
6.0
 13
70.0
 23
70.0
 33
6.0
  0
3DFACE
  5
D5
330
17
100
AcDbEntity
  8
COTAS
100
AcDbFace
 10
73.69551813004514
 20
71.53073372946037
 30
-1.0
 11
72.82842712474618
 21
72.82842712474618
 31
-1.0
 12
72.82842712474618
 22
72.82842712474618
 32
6.0
 13
73.69551813004514
 23
71.53073372946037
 33
6.0
  0
3DFACE
  5
D6
330
17
100
AcDbEntity
  8
COTAS
100
AcDbFace
 10
70.0
 20
70.0
 30
-1.0
 11
73.69551813004514
 21
71.53073372946037
 31
-1.0
 12
72.82842712474618
 22
72.82842712474618
 32
-1.0
 13
70.0
 23
70.0
 33
-1.0
  0
3DFACE
  5
D7
330
17
100
AcDbEntity
  8
COTAS
100
AcDbFace
 10
70.0
 20
70.0
 30
6.0
 11
73.69551813004514
 21
71.53073372946037
 31
6.0
 12
72.82842712474618
 22
72.82842712474618
 32
6.0
 13
70.0
 23
70.0
 33
6.0
  0
3DFACE
  5
D8
330
17
100
AcDbEntity
  8
COTAS
100
AcDbFace
 10
72.82842712474618
 20
72.82842712474618
 30
-1.0
 11
71.53073372946037
 21
73.69551813004514
 31
-1.0
 12
71.53073372946037
 22
73.69551813004514
 32
6.0
 13
72.82842712474618
 23
72.82842712474618
 33
6.0
  0
3DFACE
  5
D9
330
17
100
AcDbEntity
  8
COTAS
100
AcDbFace
 10
70.0
 20
70.0
 30
-1.0
 11
72.82842712474618
 21
72.82842712474618
 31
-1.0
 12
71.53073372946037
 22
73.69551813004514
 32
-1.0
 13
70.0
 23
70.0
 33
-1.0
  0
3DFACE
  5
DA
330
17
100
AcDbEntity
  8
COTAS
100
AcDbFace
 10
70.0
 20
70.0
 30
6.0
 11
72.82842712474618
 21
72.82842712474618
 31
6.0
 12
71.53073372946037
 22
73.69551813004514
 32
6.0
 13
70.0
 23
70.0
 33
6.0
  0
3DFACE
  5
DB
330
17
100
AcDbEntity
  8
COTAS
100
AcDbFace
 10
71.53073372946037
 20
73.69551813004514
 30
-1.0
 11
70.0
 21
74.0
 31
-1.0
 12
70.0
 22
74.0
 32
6.0
 13
71.53073372946037
 23
73.69551813004514
 33
6.0
  0
3DFACE
  5
DC
330
17
100
AcDbEntity
  8
COTAS
100
AcDbFace
 10
70.0
 20
70.0
 30
-1.0
 11
71.53073372946037
 21
73.69551813004514
 31
-1.0
 12
70.0
 22
74.0
 32
-1.0
 13
70.0
 23
70.0
 33
-1.0
  0
3DFACE
  5
DD
330
17
100
AcDbEntity
  8
COTAS
100
AcDbFace
 10
70.0
 20
70.0
 30
6.0
 11
71.53073372946037
 21
73.69551813004514
 31
6.0
 12
70.0
 22
74.0
 32
6.0
 13
70.0
 23
70.0
 33
6.0
  0
3DFACE
  5
DE
330
17
100
AcDbEntity
  8
COTAS
100
AcDbFace
 10
70.0
 20
74.0
 30
-1.0
 11
68.46926627053963
 21
73.69551813004514
 31
-1.0
 12
68.46926627053963
 22
73.69551813004514
 32
6.0
 13
70.0
 23
74.0
 33
6.0
  0
3DFACE
  5
DF
330
17
100
AcDbEntity
  8
COTAS
100
AcDbFace
 10
70.0
 20
70.0
 30
-1.0
 11
70.0
 21
74.0
 31
-1.0
 12
68.46926627053963
 22
73.69551813004514
 32
-1.0
 13
70.0
 23
70.0
 33
-1.0
  0
3DFACE
  5
E0
330
17
100
AcDbEntity
  8
COTAS
100
AcDbFace
 10
70.0
 20
70.0
 30
6.0
 11
70.0
 21
74.0
 31
6.0
 12
68.46926627053963
 22
73.69551813004514
 32
6.0
 13
70.0
 23
70.0
 33
6.0
  0
3DFACE
  5
E1
330
17
100
AcDbEntity
  8
COTAS
100
AcDbFace
 10
68.46926627053963
 20
73.69551813004514
 30
-1.0
 11
67.17157287525382
 21
72.82842712474618
 31
-1.0
 12
67.17157287525382
 22
72.82842712474618
 32
6.0
 13
68.46926627053963
 23
73.69551813004514
 33
6.0
  0
3DFACE
  5
E2
330
17
100
AcDbEntity
  8
COTAS
100
AcDbFace
 10
70.0
 20
70.0
 30
-1.0
 11
68.46926627053963
 21
73.69551813004514
 31
-1.0
 12
67.17157287525382
 22
72.82842712474618
 32
-1.0
 13
70.0
 23
70.0
 33
-1.0
  0
3DFACE
  5
E3
330
17
100
AcDbEntity
  8
COTAS
100
AcDbFace
 10
70.0
 20
70.0
 30
6.0
 11
68.46926627053963
 21
73.69551813004514
 31
6.0
 12
67.17157287525382
 22
72.82842712474618
 32
6.0
 13
70.0
 23
70.0
 33
6.0
  0
3DFACE
  5
E4
330
17
100
AcDbEntity
  8
COTAS
100
AcDbFace
 10
67.17157287525382
 20
72.82842712474618
 30
-1.0
 11
66.30448186995486
 21
71.53073372946037
 31
-1.0
 12
66.30448186995486
 22
71.53073372946037
 32
6.0
 13
67.17157287525382
 23
72.82842712474618
 33
6.0
  0
3DFACE
  5
E5
330
17
100
AcDbEntity
  8
COTAS
100
AcDbFace
 10
70.0
 20
70.0
 30
-1.0
 11
67.17157287525382
 21
72.82842712474618
 31
-1.0
 12
66.30448186995486
 22
71.53073372946037
 32
-1.0
 13
70.0
 23
70.0
 33
-1.0
  0
3DFACE
  5
E6
330
17
100
AcDbEntity
  8
COTAS
100
AcDbFace
 10
70.0
 20
70.0
 30
6.0
 11
67.17157287525382
 21
72.82842712474618
 31
6.0
 12
66.30448186995486
 22
71.53073372946037
 32
6.0
 13
70.0
 23
70.0
 33
6.0
  0
3DFACE
  5
E7
330
17
100
AcDbEntity
  8
COTAS
100
AcDbFace
 10
66.30448186995486
 20
71.53073372946037
 30
-1.0
 11
66.0
 21
70.0
 31
-1.0
 12
66.0
 22
70.0
 32
6.0
 13
66.30448186995486
 23
71.53073372946037
 33
6.0
  0
3DFACE
  5
E8
330
17
100
AcDbEntity
  8
COTAS
100
AcDbFace
 10
70.0
 20
70.0
 30
-1.0
 11
66.30448186995486
 21
71.53073372946037
 31
-1.0
 12
66.0
 22
70.0
 32
-1.0
 13
70.0
 23
70.0
 33
-1.0
  0
3DFACE
  5
E9
330
17
100
AcDbEntity
  8
COTAS
100
AcDbFace
 10
70.0
 20
70.0
 30
6.0
 11
66.30448186995486
 21
71.53073372946037
 31
6.0
 12
66.0
 22
70.0
 32
6.0
 13
70.0
 23
70.0
 33
6.0
  0
3DFACE
  5
EA
330
17
100
AcDbEntity
  8
COTAS
100
AcDbFace
 10
66.0
 20
70.0
 30
-1.0
 11
66.30448186995486
 21
68.46926627053963
 31
-1.0
 12
66.30448186995486
 22
68.46926627053963
 32
6.0
 13
66.0
 23
70.0
 33
6.0
  0
3DFACE
  5
EB
330
17
100
AcDbEntity
  8
COTAS
100
AcDbFace
 10
70.0
 20
70.0
 30
-1.0
 11
66.0
 21
70.0
 31
-1.0
 12
66.30448186995486
 22
68.46926627053963
 32
-1.0
 13
70.0
 23
70.0
 33
-1.0
  0
3DFACE
  5
EC
330
17
100
AcDbEntity
  8
COTAS
100
AcDbFace
 10
70.0
 20
70.0
 30
6.0
 11
66.0
 21
70.0
 31
6.0
 12
66.30448186995486
 22
68.46926627053963
 32
6.0
 13
70.0
 23
70.0
 33
6.0
  0
3DFACE
  5
ED
330
17
100
AcDbEntity
  8
COTAS
100
AcDbFace
 10
66.30448186995486
 20
68.46926627053963
 30
-1.0
 11
67.17157287525382
 21
67.17157287525382
 31
-1.0
 12
67.17157287525382
 22
67.17157287525382
 32
6.0
 13
66.30448186995486
 23
68.46926627053963
 33
6.0
  0
3DFACE
  5
EE
330
17
100
AcDbEntity
  8
COTAS
100
AcDbFace
 10
70.0
 20
70.0
 30
-1.0
 11
66.30448186995486
 21
68.46926627053963
 31
-1.0
 12
67.17157287525382
 22
67.17157287525382
 32
-1.0
 13
70.0
 23
70.0
 33
-1.0
  0
3DFACE
  5
EF
330
17
100
AcDbEntity
  8
COTAS
100
AcDbFace
 10
70.0
 20
70.0
 30
6.0
 11
66.30448186995486
 21
68.46926627053963
 31
6.0
 12
67.17157287525382
 22
67.17157287525382
 32
6.0
 13
70.0
 23
70.0
 33
6.0
  0
3DFACE
  5
F0
330
17
100
AcDbEntity
  8
COTAS
100
AcDbFace
 10
67.17157287525382
 20
67.17157287525382
 30
-1.0
 11
68.46926627053963
 21
66.30448186995486
 31
-1.0
 12
68.46926627053963
 22
66.30448186995486
 32
6.0
 13
67.17157287525382
 23
67.17157287525382
 33
6.0
  0
3DFACE
  5
F1
330
17
100
AcDbEntity
  8
COTAS
100
AcDbFace
 10
70.0
 20
70.0
 30
-1.0
 11
67.17157287525382
 21
67.17157287525382
 31
-1.0
 12
68.46926627053963
 22
66.30448186995486
 32
-1.0
 13
70.0
 23
70.0
 33
-1.0
  0
3DFACE
  5
F2
330
17
100
AcDbEntity
  8
COTAS
100
AcDbFace
 10
70.0
 20
70.0
 30
6.0
 11
67.17157287525382
 21
67.17157287525382
 31
6.0
 12
68.46926627053963
 22
66.30448186995486
 32
6.0
 13
70.0
 23
70.0
 33
6.0
  0
3DFACE
  5
F3
330
17
100
AcDbEntity
  8
COTAS
100
AcDbFace
 10
68.46926627053963
 20
66.30448186995486
 30
-1.0
 11
70.0
 21
66.0
 31
-1.0
 12
70.0
 22
66.0
 32
6.0
 13
68.46926627053963
 23
66.30448186995486
 33
6.0
  0
3DFACE
  5
F4
330
17
100
AcDbEntity
  8
COTAS
100
AcDbFace
 10
70.0
 20
70.0
 30
-1.0
 11
68.46926627053963
 21
66.30448186995486
 31
-1.0
 12
70.0
 22
66.0
 32
-1.0
 13
70.0
 23
70.0
 33
-1.0
  0
3DFACE
  5
F5
330
17
100
AcDbEntity
  8
COTAS
100
AcDbFace
 10
70.0
 20
70.0
 30
6.0
 11
68.46926627053963
 21
66.30448186995486
 31
6.0
 12
70.0
 22
66.0
 32
6.0
 13
70.0
 23
70.0
 33
6.0
  0
3DFACE
  5
F6
330
17
100
AcDbEntity
  8
COTAS
100
AcDbFace
 10
70.0
 20
66.0
 30
-1.0
 11
71.53073372946037
 21
66.30448186995486
 31
-1.0
 12
71.53073372946037
 22
66.30448186995486
 32
6.0
 13
70.0
 23
66.0
 33
6.0
  0
3DFACE
  5
F7
330
17
100
AcDbEntity
  8
COTAS
100
AcDbFace
 10
70.0
 20
70.0
 30
-1.0
 11
70.0
 21
66.0
 31
-1.0
 12
71.53073372946037
 22
66.30448186995486
 32
-1.0
 13
70.0
 23
70.0
 33
-1.0
  0
3DFACE
  5
F8
330
17
100
AcDbEntity
  8
COTAS
100
AcDbFace
 10
70.0
 20
70.0
 30
6.0
 11
70.0
 21
66.0
 31
6.0
 12
71.53073372946037
 22
66.30448186995486
 32
6.0
 13
70.0
 23
70.0
 33
6.0
  0
3DFACE
  5
F9
330
17
100
AcDbEntity
  8
COTAS
100
AcDbFace
 10
71.53073372946037
 20
66.30448186995486
 30
-1.0
 11
72.82842712474618
 21
67.17157287525382
 31
-1.0
 12
72.82842712474618
 22
67.17157287525382
 32
6.0
 13
71.53073372946037
 23
66.30448186995486
 33
6.0
  0
3DFACE
  5
FA
330
17
100
AcDbEntity
  8
COTAS
100
AcDbFace
 10
70.0
 20
70.0
 30
-1.0
 11
71.53073372946037
 21
66.30448186995486
 31
-1.0
 12
72.82842712474618
 22
67.17157287525382
 32
-1.0
 13
70.0
 23
70.0
 33
-1.0
  0
3DFACE
  5
FB
330
17
100
AcDbEntity
  8
COTAS
100
AcDbFace
 10
70.0
 20
70.0
 30
6.0
 11
71.53073372946037
 21
66.30448186995486
 31
6.0
 12
72.82842712474618
 22
67.17157287525382
 32
6.0
 13
70.0
 23
70.0
 33
6.0
  0
3DFACE
  5
FC
330
17
100
AcDbEntity
  8
COTAS
100
AcDbFace
 10
72.82842712474618
 20
67.17157287525382
 30
-1.0
 11
73.69551813004514
 21
68.46926627053963
 31
-1.0
 12
73.69551813004514
 22
68.46926627053963
 32
6.0
 13
72.82842712474618
 23
67.17157287525382
 33
6.0
  0
3DFACE
  5
FD
330
17
100
AcDbEntity
  8
COTAS
100
AcDbFace
 10
70.0
 20
70.0
 30
-1.0
 11
72.82842712474618
 21
67.17157287525382
 31
-1.0
 12
73.69551813004514
 22
68.46926627053963
 32
-1.0
 13
70.0
 23
70.0
 33
-1.0
  0
3DFACE
  5
FE
330
17
100
AcDbEntity
  8
COTAS
100
AcDbFace
 10
70.0
 20
70.0
 30
6.0
 11
72.82842712474618
 21
67.17157287525382
 31
6.0
 12
73.69551813004514
 22
68.46926627053963
 32
6.0
 13
70.0
 23
70.0
 33
6.0
  0
3DFACE
  5
FF
330
17
100
AcDbEntity
  8
COTAS
100
AcDbFace
 10
73.69551813004514
 20
68.46926627053963
 30
-1.0
 11
74.0
 21
70.0
 31
-1.0
 12
74.0
 22
70.0
 32
6.0
 13
73.69551813004514
 23
68.46926627053963
 33
6.0
  0
3DFACE
  5
100
330
17
100
AcDbEntity
  8
COTAS
100
AcDbFace
 10
70.0
 20
70.0
 30
-1.0
 11
73.69551813004514
 21
68.46926627053963
 31
-1.0
 12
74.0
 22
70.0
 32
-1.0
 13
70.0
 23
70.0
 33
-1.0
  0
3DFACE
  5
101
330
17
100
AcDbEntity
  8
COTAS
100
AcDbFace
 10
70.0
 20
70.0
 30
6.0
 11
73.69551813004514
 21
68.46926627053963
 31
6.0
 12
74.0
 22
70.0
 32
6.0
 13
70.0
 23
70.0
 33
6.0
  0
3DFACE
  5
102
330
17
100
AcDbEntity
  8
COTAS
100
AcDbFace
 10
12.0
 20
0.0
 30
-1.0
 11
11.59110991546882
 21
3.105828541230249
 31
-1.0
 12
11.59110991546882
 22
3.105828541230249
 32
6.0
 13
12.0
 23
0.0
 33
6.0
  0
3DFACE
  5
103
330
17
100
AcDbEntity
  8
COTAS
100
AcDbFace
 10
0.0
 20
0.0
 30
-1.0
 11
12.0
 21
0.0
 31
-1.0
 12
11.59110991546882
 22
3.105828541230249
 32
-1.0
 13
0.0
 23
0.0
 33
-1.0
  0
3DFACE
  5
104
330
17
100
AcDbEntity
  8
COTAS
100
AcDbFace
 10
0.0
 20
0.0
 30
6.0
 11
12.0
 21
0.0
 31
6.0
 12
11.59110991546882
 22
3.105828541230249
 32
6.0
 13
0.0
 23
0.0
 33
6.0
  0
3DFACE
  5
105
330
17
100
AcDbEntity
  8
COTAS
100
AcDbFace
 10
11.59110991546882
 20
3.105828541230249
 30
-1.0
 11
10.392304845413264
 21
5.999999999999999
 31
-1.0
 12
10.392304845413264
 22
5.999999999999999
 32
6.0
 13
11.59110991546882
 23
3.105828541230249
 33
6.0
  0
3DFACE
  5
106
330
17
100
AcDbEntity
  8
COTAS
100
AcDbFace
 10
0.0
 20
0.0
 30
-1.0
 11
11.59110991546882
 21
3.105828541230249
 31
-1.0
 12
10.392304845413264
 22
5.999999999999999
 32
-1.0
 13
0.0
 23
0.0
 33
-1.0
  0
3DFACE
  5
107
330
17
100
AcDbEntity
  8
COTAS
100
AcDbFace
 10
0.0
 20
0.0
 30
6.0
 11
11.59110991546882
 21
3.105828541230249
 31
6.0
 12
10.392304845413264
 22
5.999999999999999
 32
6.0
 13
0.0
 23
0.0
 33
6.0
  0
3DFACE
  5
108
330
17
100
AcDbEntity
  8
COTAS
100
AcDbFace
 10
10.392304845413264
 20
5.999999999999999
 30
-1.0
 11
8.485281374238571
 21
8.48528137423857
 31
-1.0
 12
8.485281374238571
 22
8.48528137423857
 32
6.0
 13
10.392304845413264
 23
5.999999999999999
 33
6.0
  0
3DFACE
  5
109
330
17
100
AcDbEntity
  8
COTAS
100
AcDbFace
 10
0.0
 20
0.0
 30
-1.0
 11
10.392304845413264
 21
5.999999999999999
 31
-1.0
 12
8.485281374238571
 22
8.48528137423857
 32
-1.0
 13
0.0
 23
0.0
 33
-1.0
  0
3DFACE
  5
10A
330
17
100
AcDbEntity
  8
COTAS
100
AcDbFace
 10
0.0
 20
0.0
 30
6.0
 11
10.392304845413264
 21
5.999999999999999
 31
6.0
 12
8.485281374238571
 22
8.48528137423857
 32
6.0
 13
0.0
 23
0.0
 33
6.0
  0
3DFACE
  5
10B
330
17
100
AcDbEntity
  8
COTAS
100
AcDbFace
 10
8.485281374238571
 20
8.48528137423857
 30
-1.0
 11
6.000000000000002
 21
10.392304845413264
 31
-1.0
 12
6.000000000000002
 22
10.392304845413264
 32
6.0
 13
8.485281374238571
 23
8.48528137423857
 33
6.0
  0
3DFACE
  5
10C
330
17
100
AcDbEntity
  8
COTAS
100
AcDbFace
 10
0.0
 20
0.0
 30
-1.0
 11
8.485281374238571
 21
8.48528137423857
 31
-1.0
 12
6.000000000000002
 22
10.392304845413264
 32
-1.0
 13
0.0
 23
0.0
 33
-1.0
  0
3DFACE
  5
10D
330
17
100
AcDbEntity
  8
COTAS
100
AcDbFace
 10
0.0
 20
0.0
 30
6.0
 11
8.485281374238571
 21
8.48528137423857
 31
6.0
 12
6.000000000000002
 22
10.392304845413264
 32
6.0
 13
0.0
 23
0.0
 33
6.0
  0
3DFACE
  5
10E
330
17
100
AcDbEntity
  8
COTAS
100
AcDbFace
 10
6.000000000000002
 20
10.392304845413264
 30
-1.0
 11
3.105828541230249
 21
11.59110991546882
 31
-1.0
 12
3.105828541230249
 22
11.59110991546882
 32
6.0
 13
6.000000000000002
 23
10.392304845413264
 33
6.0
  0
3DFACE
  5
10F
330
17
100
AcDbEntity
  8
COTAS
100
AcDbFace
 10
0.0
 20
0.0
 30
-1.0
 11
6.000000000000002
 21
10.392304845413264
 31
-1.0
 12
3.105828541230249
 22
11.59110991546882
 32
-1.0
 13
0.0
 23
0.0
 33
-1.0
  0
3DFACE
  5
110
330
17
100
AcDbEntity
  8
COTAS
100
AcDbFace
 10
0.0
 20
0.0
 30
6.0
 11
6.000000000000002
 21
10.392304845413264
 31
6.0
 12
3.105828541230249
 22
11.59110991546882
 32
6.0
 13
0.0
 23
0.0
 33
6.0
  0
3DFACE
  5
111
330
17
100
AcDbEntity
  8
COTAS
100
AcDbFace
 10
3.105828541230249
 20
11.59110991546882
 30
-1.0
 11
7.347880794884119e-16
 21
12.0
 31
-1.0
 12
7.347880794884119e-16
 22
12.0
 32
6.0
 13
3.105828541230249
 23
11.59110991546882
 33
6.0
  0
3DFACE
  5
112
330
17
100
AcDbEntity
  8
COTAS
100
AcDbFace
 10
0.0
 20
0.0
 30
-1.0
 11
3.105828541230249
 21
11.59110991546882
 31
-1.0
 12
7.347880794884119e-16
 22
12.0
 32
-1.0
 13
0.0
 23
0.0
 33
-1.0
  0
3DFACE
  5
113
330
17
100
AcDbEntity
  8
COTAS
100
AcDbFace
 10
0.0
 20
0.0
 30
6.0
 11
3.105828541230249
 21
11.59110991546882
 31
6.0
 12
7.347880794884119e-16
 22
12.0
 32
6.0
 13
0.0
 23
0.0
 33
6.0
  0
3DFACE
  5
114
330
17
100
AcDbEntity
  8
COTAS
100
AcDbFace
 10
7.347880794884119e-16
 20
12.0
 30
-1.0
 11
-3.1058285412302475
 21
11.59110991546882
 31
-1.0
 12
-3.1058285412302475
 22
11.59110991546882
 32
6.0
 13
7.347880794884119e-16
 23
12.0
 33
6.0
  0
3DFACE
  5
115
330
17
100
AcDbEntity
  8
COTAS
100
AcDbFace
 10
0.0
 20
0.0
 30
-1.0
 11
7.347880794884119e-16
 21
12.0
 31
-1.0
 12
-3.1058285412302475
 22
11.59110991546882
 32
-1.0
 13
0.0
 23
0.0
 33
-1.0
  0
3DFACE
  5
116
330
17
100
AcDbEntity
  8
COTAS
100
AcDbFace
 10
0.0
 20
0.0
 30
6.0
 11
7.347880794884119e-16
 21
12.0
 31
6.0
 12
-3.1058285412302475
 22
11.59110991546882
 32
6.0
 13
0.0
 23
0.0
 33
6.0
  0
3DFACE
  5
117
330
17
100
AcDbEntity
  8
COTAS
100
AcDbFace
 10
-3.1058285412302475
 20
11.59110991546882
 30
-1.0
 11
-5.999999999999997
 21
10.392304845413264
 31
-1.0
 12
-5.999999999999997
 22
10.392304845413264
 32
6.0
 13
-3.1058285412302475
 23
11.59110991546882
 33
6.0
  0
3DFACE
  5
118
330
17
100
AcDbEntity
  8
COTAS
100
AcDbFace
 10
0.0
 20
0.0
 30
-1.0
 11
-3.1058285412302475
 21
11.59110991546882
 31
-1.0
 12
-5.999999999999997
 22
10.392304845413264
 32
-1.0
 13
0.0
 23
0.0
 33
-1.0
  0
3DFACE
  5
119
330
17
100
AcDbEntity
  8
COTAS
100
AcDbFace
 10
0.0
 20
0.0
 30
6.0
 11
-3.1058285412302475
 21
11.59110991546882
 31
6.0
 12
-5.999999999999997
 22
10.392304845413264
 32
6.0
 13
0.0
 23
0.0
 33
6.0
  0
3DFACE
  5
11A
330
17
100
AcDbEntity
  8
COTAS
100
AcDbFace
 10
-5.999999999999997
 20
10.392304845413264
 30
-1.0
 11
-8.48528137423857
 21
8.485281374238571
 31
-1.0
 12
-8.48528137423857
 22
8.485281374238571
 32
6.0
 13
-5.999999999999997
 23
10.392304845413264
 33
6.0
  0
3DFACE
  5
11B
330
17
100
AcDbEntity
  8
COTAS
100
AcDbFace
 10
0.0
 20
0.0
 30
-1.0
 11
-5.999999999999997
 21
10.392304845413264
 31
-1.0
 12
-8.48528137423857
 22
8.485281374238571
 32
-1.0
 13
0.0
 23
0.0
 33
-1.0
  0
3DFACE
  5
11C
330
17
100
AcDbEntity
  8
COTAS
100
AcDbFace
 10
0.0
 20
0.0
 30
6.0
 11
-5.999999999999997
 21
10.392304845413264
 31
6.0
 12
-8.48528137423857
 22
8.485281374238571
 32
6.0
 13
0.0
 23
0.0
 33
6.0
  0
3DFACE
  5
11D
330
17
100
AcDbEntity
  8
COTAS
100
AcDbFace
 10
-8.48528137423857
 20
8.485281374238571
 30
-1.0
 11
-10.392304845413264
 21
5.999999999999999
 31
-1.0
 12
-10.392304845413264
 22
5.999999999999999
 32
6.0
 13
-8.48528137423857
 23
8.485281374238571
 33
6.0
  0
3DFACE
  5
11E
330
17
100
AcDbEntity
  8
COTAS
100
AcDbFace
 10
0.0
 20
0.0
 30
-1.0
 11
-8.48528137423857
 21
8.485281374238571
 31
-1.0
 12
-10.392304845413264
 22
5.999999999999999
 32
-1.0
 13
0.0
 23
0.0
 33
-1.0
  0
3DFACE
  5
11F
330
17
100
AcDbEntity
  8
COTAS
100
AcDbFace
 10
0.0
 20
0.0
 30
6.0
 11
-8.48528137423857
 21
8.485281374238571
 31
6.0
 12
-10.392304845413264
 22
5.999999999999999
 32
6.0
 13
0.0
 23
0.0
 33
6.0
  0
3DFACE
  5
120
330
17
100
AcDbEntity
  8
COTAS
100
AcDbFace
 10
-10.392304845413264
 20
5.999999999999999
 30
-1.0
 11
-11.591109915468818
 21
3.1058285412302524
 31
-1.0
 12
-11.591109915468818
 22
3.1058285412302524
 32
6.0
 13
-10.392304845413264
 23
5.999999999999999
 33
6.0
  0
3DFACE
  5
121
330
17
100
AcDbEntity
  8
COTAS
100
AcDbFace
 10
0.0
 20
0.0
 30
-1.0
 11
-10.392304845413264
 21
5.999999999999999
 31
-1.0
 12
-11.591109915468818
 22
3.1058285412302524
 32
-1.0
 13
0.0
 23
0.0
 33
-1.0
  0
3DFACE
  5
122
330
17
100
AcDbEntity
  8
COTAS
100
AcDbFace
 10
0.0
 20
0.0
 30
6.0
 11
-10.392304845413264
 21
5.999999999999999
 31
6.0
 12
-11.591109915468818
 22
3.1058285412302524
 32
6.0
 13
0.0
 23
0.0
 33
6.0
  0
3DFACE
  5
123
330
17
100
AcDbEntity
  8
COTAS
100
AcDbFace
 10
-11.591109915468818
 20
3.1058285412302524
 30
-1.0
 11
-12.0
 21
1.4695761589768238e-15
 31
-1.0
 12
-12.0
 22
1.4695761589768238e-15
 32
6.0
 13
-11.591109915468818
 23
3.1058285412302524
 33
6.0
  0
3DFACE
  5
124
330
17
100
AcDbEntity
  8
COTAS
100
AcDbFace
 10
0.0
 20
0.0
 30
-1.0
 11
-11.591109915468818
 21
3.1058285412302524
 31
-1.0
 12
-12.0
 22
1.4695761589768238e-15
 32
-1.0
 13
0.0
 23
0.0
 33
-1.0
  0
3DFACE
  5
125
330
17
100
AcDbEntity
  8
COTAS
100
AcDbFace
 10
0.0
 20
0.0
 30
6.0
 11
-11.591109915468818
 21
3.1058285412302524
 31
6.0
 12
-12.0
 22
1.4695761589768238e-15
 32
6.0
 13
0.0
 23
0.0
 33
6.0
  0
3DFACE
  5
126
330
17
100
AcDbEntity
  8
COTAS
100
AcDbFace
 10
-12.0
 20
1.4695761589768238e-15
 30
-1.0
 11
-11.59110991546882
 21
-3.1058285412302498
 31
-1.0
 12
-11.59110991546882
 22
-3.1058285412302498
 32
6.0
 13
-12.0
 23
1.4695761589768238e-15
 33
6.0
  0
3DFACE
  5
127
330
17
100
AcDbEntity
  8
COTAS
100
AcDbFace
 10
0.0
 20
0.0
 30
-1.0
 11
-12.0
 21
1.4695761589768238e-15
 31
-1.0
 12
-11.59110991546882
 22
-3.1058285412302498
 32
-1.0
 13
0.0
 23
0.0
 33
-1.0
  0
3DFACE
  5
128
330
17
100
AcDbEntity
  8
COTAS
100
AcDbFace
 10
0.0
 20
0.0
 30
6.0
 11
-12.0
 21
1.4695761589768238e-15
 31
6.0
 12
-11.59110991546882
 22
-3.1058285412302498
 32
6.0
 13
0.0
 23
0.0
 33
6.0
  0
3DFACE
  5
129
330
17
100
AcDbEntity
  8
COTAS
100
AcDbFace
 10
-11.59110991546882
 20
-3.1058285412302498
 30
-1.0
 11
-10.392304845413266
 21
-5.9999999999999964
 31
-1.0
 12
-10.392304845413266
 22
-5.9999999999999964
 32
6.0
 13
-11.59110991546882
 23
-3.1058285412302498
 33
6.0
  0
3DFACE
  5
12A
330
17
100
AcDbEntity
  8
COTAS
100
AcDbFace
 10
0.0
 20
0.0
 30
-1.0
 11
-11.59110991546882
 21
-3.1058285412302498
 31
-1.0
 12
-10.392304845413266
 22
-5.9999999999999964
 32
-1.0
 13
0.0
 23
0.0
 33
-1.0
  0
3DFACE
  5
12B
330
17
100
AcDbEntity
  8
COTAS
100
AcDbFace
 10
0.0
 20
0.0
 30
6.0
 11
-11.59110991546882
 21
-3.1058285412302498
 31
6.0
 12
-10.392304845413266
 22
-5.9999999999999964
 32
6.0
 13
0.0
 23
0.0
 33
6.0
  0
3DFACE
  5
12C
330
17
100
AcDbEntity
  8
COTAS
100
AcDbFace
 10
-10.392304845413266
 20
-5.9999999999999964
 30
-1.0
 11
-8.485281374238575
 21
-8.485281374238566
 31
-1.0
 12
-8.485281374238575
 22
-8.485281374238566
 32
6.0
 13
-10.392304845413266
 23
-5.9999999999999964
 33
6.0
  0
3DFACE
  5
12D
330
17
100
AcDbEntity
  8
COTAS
100
AcDbFace
 10
0.0
 20
0.0
 30
-1.0
 11
-10.392304845413266
 21
-5.9999999999999964
 31
-1.0
 12
-8.485281374238575
 22
-8.485281374238566
 32
-1.0
 13
0.0
 23
0.0
 33
-1.0
  0
3DFACE
  5
12E
330
17
100
AcDbEntity
  8
COTAS
100
AcDbFace
 10
0.0
 20
0.0
 30
6.0
 11
-10.392304845413266
 21
-5.9999999999999964
 31
6.0
 12
-8.485281374238575
 22
-8.485281374238566
 32
6.0
 13
0.0
 23
0.0
 33
6.0
  0
3DFACE
  5
12F
330
17
100
AcDbEntity
  8
COTAS
100
AcDbFace
 10
-8.485281374238575
 20
-8.485281374238566
 30
-1.0
 11
-6.000000000000005
 21
-10.39230484541326
 31
-1.0
 12
-6.000000000000005
 22
-10.39230484541326
 32
6.0
 13
-8.485281374238575
 23
-8.485281374238566
 33
6.0
  0
3DFACE
  5
130
330
17
100
AcDbEntity
  8
COTAS
100
AcDbFace
 10
0.0
 20
0.0
 30
-1.0
 11
-8.485281374238575
 21
-8.485281374238566
 31
-1.0
 12
-6.000000000000005
 22
-10.39230484541326
 32
-1.0
 13
0.0
 23
0.0
 33
-1.0
  0
3DFACE
  5
131
330
17
100
AcDbEntity
  8
COTAS
100
AcDbFace
 10
0.0
 20
0.0
 30
6.0
 11
-8.485281374238575
 21
-8.485281374238566
 31
6.0
 12
-6.000000000000005
 22
-10.39230484541326
 32
6.0
 13
0.0
 23
0.0
 33
6.0
  0
3DFACE
  5
132
330
17
100
AcDbEntity
  8
COTAS
100
AcDbFace
 10
-6.000000000000005
 20
-10.39230484541326
 30
-1.0
 11
-3.1058285412302475
 21
-11.59110991546882
 31
-1.0
 12
-3.1058285412302475
 22
-11.59110991546882
 32
6.0
 13
-6.000000000000005
 23
-10.39230484541326
 33
6.0
  0
3DFACE
  5
133
330
17
100
AcDbEntity
  8
COTAS
100
AcDbFace
 10
0.0
 20
0.0
 30
-1.0
 11
-6.000000000000005
 21
-10.39230484541326
 31
-1.0
 12
-3.1058285412302475
 22
-11.59110991546882
 32
-1.0
 13
0.0
 23
0.0
 33
-1.0
  0
3DFACE
  5
134
330
17
100
AcDbEntity
  8
COTAS
100
AcDbFace
 10
0.0
 20
0.0
 30
6.0
 11
-6.000000000000005
 21
-10.39230484541326
 31
6.0
 12
-3.1058285412302475
 22
-11.59110991546882
 32
6.0
 13
0.0
 23
0.0
 33
6.0
  0
3DFACE
  5
135
330
17
100
AcDbEntity
  8
COTAS
100
AcDbFace
 10
-3.1058285412302475
 20
-11.59110991546882
 30
-1.0
 11
-2.204364238465236e-15
 21
-12.0
 31
-1.0
 12
-2.204364238465236e-15
 22
-12.0
 32
6.0
 13
-3.1058285412302475
 23
-11.59110991546882
 33
6.0
  0
3DFACE
  5
136
330
17
100
AcDbEntity
  8
COTAS
100
AcDbFace
 10
0.0
 20
0.0
 30
-1.0
 11
-3.1058285412302475
 21
-11.59110991546882
 31
-1.0
 12
-2.204364238465236e-15
 22
-12.0
 32
-1.0
 13
0.0
 23
0.0
 33
-1.0
  0
3DFACE
  5
137
330
17
100
AcDbEntity
  8
COTAS
100
AcDbFace
 10
0.0
 20
0.0
 30
6.0
 11
-3.1058285412302475
 21
-11.59110991546882
 31
6.0
 12
-2.204364238465236e-15
 22
-12.0
 32
6.0
 13
0.0
 23
0.0
 33
6.0
  0
3DFACE
  5
138
330
17
100
AcDbEntity
  8
COTAS
100
AcDbFace
 10
-2.204364238465236e-15
 20
-12.0
 30
-1.0
 11
3.1058285412302435
 21
-11.59110991546882
 31
-1.0
 12
3.1058285412302435
 22
-11.59110991546882
 32
6.0
 13
-2.204364238465236e-15
 23
-12.0
 33
6.0
  0
3DFACE
  5
139
330
17
100
AcDbEntity
  8
COTAS
100
AcDbFace
 10
0.0
 20
0.0
 30
-1.0
 11
-2.204364238465236e-15
 21
-12.0
 31
-1.0
 12
3.1058285412302435
 22
-11.59110991546882
 32
-1.0
 13
0.0
 23
0.0
 33
-1.0
  0
3DFACE
  5
13A
330
17
100
AcDbEntity
  8
COTAS
100
AcDbFace
 10
0.0
 20
0.0
 30
6.0
 11
-2.204364238465236e-15
 21
-12.0
 31
6.0
 12
3.1058285412302435
 22
-11.59110991546882
 32
6.0
 13
0.0
 23
0.0
 33
6.0
  0
3DFACE
  5
13B
330
17
100
AcDbEntity
  8
COTAS
100
AcDbFace
 10
3.1058285412302435
 20
-11.59110991546882
 30
-1.0
 11
6.000000000000002
 21
-10.392304845413264
 31
-1.0
 12
6.000000000000002
 22
-10.392304845413264
 32
6.0
 13
3.1058285412302435
 23
-11.59110991546882
 33
6.0
  0
3DFACE
  5
13C
330
17
100
AcDbEntity
  8
COTAS
100
AcDbFace
 10
0.0
 20
0.0
 30
-1.0
 11
3.1058285412302435
 21
-11.59110991546882
 31
-1.0
 12
6.000000000000002
 22
-10.392304845413264
 32
-1.0
 13
0.0
 23
0.0
 33
-1.0
  0
3DFACE
  5
13D
330
17
100
AcDbEntity
  8
COTAS
100
AcDbFace
 10
0.0
 20
0.0
 30
6.0
 11
3.1058285412302435
 21
-11.59110991546882
 31
6.0
 12
6.000000000000002
 22
-10.392304845413264
 32
6.0
 13
0.0
 23
0.0
 33
6.0
  0
3DFACE
  5
13E
330
17
100
AcDbEntity
  8
COTAS
100
AcDbFace
 10
6.000000000000002
 20
-10.392304845413264
 30
-1.0
 11
8.485281374238568
 21
-8.485281374238571
 31
-1.0
 12
8.485281374238568
 22
-8.485281374238571
 32
6.0
 13
6.000000000000002
 23
-10.392304845413264
 33
6.0
  0
3DFACE
  5
13F
330
17
100
AcDbEntity
  8
COTAS
100
AcDbFace
 10
0.0
 20
0.0
 30
-1.0
 11
6.000000000000002
 21
-10.392304845413264
 31
-1.0
 12
8.485281374238568
 22
-8.485281374238571
 32
-1.0
 13
0.0
 23
0.0
 33
-1.0
  0
3DFACE
  5
140
330
17
100
AcDbEntity
  8
COTAS
100
AcDbFace
 10
0.0
 20
0.0
 30
6.0
 11
6.000000000000002
 21
-10.392304845413264
 31
6.0
 12
8.485281374238568
 22
-8.485281374238571
 32
6.0
 13
0.0
 23
0.0
 33
6.0
  0
3DFACE
  5
141
330
17
100
AcDbEntity
  8
COTAS
100
AcDbFace
 10
8.485281374238568
 20
-8.485281374238571
 30
-1.0
 11
10.39230484541326
 21
-6.000000000000005
 31
-1.0
 12
10.39230484541326
 22
-6.000000000000005
 32
6.0
 13
8.485281374238568
 23
-8.485281374238571
 33
6.0
  0
3DFACE
  5
142
330
17
100
AcDbEntity
  8
COTAS
100
AcDbFace
 10
0.0
 20
0.0
 30
-1.0
 11
8.485281374238568
 21
-8.485281374238571
 31
-1.0
 12
10.39230484541326
 22
-6.000000000000005
 32
-1.0
 13
0.0
 23
0.0
 33
-1.0
  0
3DFACE
  5
143
330
17
100
AcDbEntity
  8
COTAS
100
AcDbFace
 10
0.0
 20
0.0
 30
6.0
 11
8.485281374238568
 21
-8.485281374238571
 31
6.0
 12
10.39230484541326
 22
-6.000000000000005
 32
6.0
 13
0.0
 23
0.0
 33
6.0
  0
3DFACE
  5
144
330
17
100
AcDbEntity
  8
COTAS
100
AcDbFace
 10
10.39230484541326
 20
-6.000000000000005
 30
-1.0
 11
11.591109915468817
 21
-3.1058285412302586
 31
-1.0
 12
11.591109915468817
 22
-3.1058285412302586
 32
6.0
 13
10.39230484541326
 23
-6.000000000000005
 33
6.0
  0
3DFACE
  5
145
330
17
100
AcDbEntity
  8
COTAS
100
AcDbFace
 10
0.0
 20
0.0
 30
-1.0
 11
10.39230484541326
 21
-6.000000000000005
 31
-1.0
 12
11.591109915468817
 22
-3.1058285412302586
 32
-1.0
 13
0.0
 23
0.0
 33
-1.0
  0
3DFACE
  5
146
330
17
100
AcDbEntity
  8
COTAS
100
AcDbFace
 10
0.0
 20
0.0
 30
6.0
 11
10.39230484541326
 21
-6.000000000000005
 31
6.0
 12
11.591109915468817
 22
-3.1058285412302586
 32
6.0
 13
0.0
 23
0.0
 33
6.0
  0
3DFACE
  5
147
330
17
100
AcDbEntity
  8
COTAS
100
AcDbFace
 10
11.591109915468817
 20
-3.1058285412302586
 30
-1.0
 11
12.0
 21
0.0
 31
-1.0
 12
12.0
 22
0.0
 32
6.0
 13
11.591109915468817
 23
-3.1058285412302586
 33
6.0
  0
3DFACE
  5
148
330
17
100
AcDbEntity
  8
COTAS
100
AcDbFace
 10
0.0
 20
0.0
 30
-1.0
 11
11.591109915468817
 21
-3.1058285412302586
 31
-1.0
 12
12.0
 22
0.0
 32
-1.0
 13
0.0
 23
0.0
 33
-1.0
  0
3DFACE
  5
149
330
17
100
AcDbEntity
  8
COTAS
100
AcDbFace
 10
0.0
 20
0.0
 30
6.0
 11
11.591109915468817
 21
-3.1058285412302586
 31
6.0
 12
12.0
 22
0.0
 32
6.0
 13
0.0
 23
0.0
 33
6.0
  0
3DFACE
  5
14A
330
17
100
AcDbEntity
  8
NEMA17
100
AcDbFace
 10
-21.0
 20
-21.0
 30
-48.0
 11
21.0
 21
-21.0
 31
-48.0
 12
21.0
 22
21.0
 32
-48.0
 13
-21.0
 23
21.0
 33
-48.0
  0
3DFACE
  5
14B
330
17
100
AcDbEntity
  8
NEMA17
100
AcDbFace
 10
-21.0
 20
-21.0
 30
0.0
 11
21.0
 21
-21.0
 31
0.0
 12
21.0
 22
21.0
 32
0.0
 13
-21.0
 23
21.0
 33
0.0
  0
3DFACE
  5
14C
330
17
100
AcDbEntity
  8
NEMA17
100
AcDbFace
 10
-21.0
 20
-21.0
 30
-48.0
 11
21.0
 21
-21.0
 31
-48.0
 12
21.0
 22
-21.0
 32
0.0
 13
-21.0
 23
-21.0
 33
0.0
  0
3DFACE
  5
14D
330
17
100
AcDbEntity
  8
NEMA17
100
AcDbFace
 10
21.0
 20
21.0
 30
-48.0
 11
-21.0
 21
21.0
 31
-48.0
 12
-21.0
 22
21.0
 32
0.0
 13
21.0
 23
21.0
 33
0.0
  0
3DFACE
  5
14E
330
17
100
AcDbEntity
  8
NEMA17
100
AcDbFace
 10
-21.0
 20
-21.0
 30
-48.0
 11
-21.0
 21
21.0
 31
-48.0
 12
-21.0
 22
21.0
 32
0.0
 13
-21.0
 23
-21.0
 33
0.0
  0
3DFACE
  5
14F
330
17
100
AcDbEntity
  8
NEMA17
100
AcDbFace
 10
21.0
 20
-21.0
 30
-48.0
 11
21.0
 21
21.0
 31
-48.0
 12
21.0
 22
21.0
 32
0.0
 13
21.0
 23
-21.0
 33
0.0
  0
3DFACE
  5
150
330
17
100
AcDbEntity
  8
NEMA17
100
AcDbFace
 10
11.0
 20
0.0
 30
0.0
 11
10.62518408917975
 21
2.847009496127728
 31
0.0
 12
10.62518408917975
 22
2.847009496127728
 32
2.0
 13
11.0
 23
0.0
 33
2.0
  0
3DFACE
  5
151
330
17
100
AcDbEntity
  8
NEMA17
100
AcDbFace
 10
0.0
 20
0.0
 30
0.0
 11
11.0
 21
0.0
 31
0.0
 12
10.62518408917975
 22
2.847009496127728
 32
0.0
 13
0.0
 23
0.0
 33
0.0
  0
3DFACE
  5
152
330
17
100
AcDbEntity
  8
NEMA17
100
AcDbFace
 10
0.0
 20
0.0
 30
2.0
 11
11.0
 21
0.0
 31
2.0
 12
10.62518408917975
 22
2.847009496127728
 32
2.0
 13
0.0
 23
0.0
 33
2.0
  0
3DFACE
  5
153
330
17
100
AcDbEntity
  8
NEMA17
100
AcDbFace
 10
10.62518408917975
 20
2.847009496127728
 30
0.0
 11
9.526279441628827
 21
5.499999999999999
 31
0.0
 12
9.526279441628827
 22
5.499999999999999
 32
2.0
 13
10.62518408917975
 23
2.847009496127728
 33
2.0
  0
3DFACE
  5
154
330
17
100
AcDbEntity
  8
NEMA17
100
AcDbFace
 10
0.0
 20
0.0
 30
0.0
 11
10.62518408917975
 21
2.847009496127728
 31
0.0
 12
9.526279441628827
 22
5.499999999999999
 32
0.0
 13
0.0
 23
0.0
 33
0.0
  0
3DFACE
  5
155
330
17
100
AcDbEntity
  8
NEMA17
100
AcDbFace
 10
0.0
 20
0.0
 30
2.0
 11
10.62518408917975
 21
2.847009496127728
 31
2.0
 12
9.526279441628827
 22
5.499999999999999
 32
2.0
 13
0.0
 23
0.0
 33
2.0
  0
3DFACE
  5
156
330
17
100
AcDbEntity
  8
NEMA17
100
AcDbFace
 10
9.526279441628827
 20
5.499999999999999
 30
0.0
 11
7.778174593052023
 21
7.778174593052022
 31
0.0
 12
7.778174593052023
 22
7.778174593052022
 32
2.0
 13
9.526279441628827
 23
5.499999999999999
 33
2.0
  0
3DFACE
  5
157
330
17
100
AcDbEntity
  8
NEMA17
100
AcDbFace
 10
0.0
 20
0.0
 30
0.0
 11
9.526279441628827
 21
5.499999999999999
 31
0.0
 12
7.778174593052023
 22
7.778174593052022
 32
0.0
 13
0.0
 23
0.0
 33
0.0
  0
3DFACE
  5
158
330
17
100
AcDbEntity
  8
NEMA17
100
AcDbFace
 10
0.0
 20
0.0
 30
2.0
 11
9.526279441628827
 21
5.499999999999999
 31
2.0
 12
7.778174593052023
 22
7.778174593052022
 32
2.0
 13
0.0
 23
0.0
 33
2.0
  0
3DFACE
  5
159
330
17
100
AcDbEntity
  8
NEMA17
100
AcDbFace
 10
7.778174593052023
 20
7.778174593052022
 30
0.0
 11
5.500000000000001
 21
9.526279441628825
 31
0.0
 12
5.500000000000001
 22
9.526279441628825
 32
2.0
 13
7.778174593052023
 23
7.778174593052022
 33
2.0
  0
3DFACE
  5
15A
330
17
100
AcDbEntity
  8
NEMA17
100
AcDbFace
 10
0.0
 20
0.0
 30
0.0
 11
7.778174593052023
 21
7.778174593052022
 31
0.0
 12
5.500000000000001
 22
9.526279441628825
 32
0.0
 13
0.0
 23
0.0
 33
0.0
  0
3DFACE
  5
15B
330
17
100
AcDbEntity
  8
NEMA17
100
AcDbFace
 10
0.0
 20
0.0
 30
2.0
 11
7.778174593052023
 21
7.778174593052022
 31
2.0
 12
5.500000000000001
 22
9.526279441628825
 32
2.0
 13
0.0
 23
0.0
 33
2.0
  0
3DFACE
  5
15C
330
17
100
AcDbEntity
  8
NEMA17
100
AcDbFace
 10
5.500000000000001
 20
9.526279441628825
 30
0.0
 11
2.847009496127728
 21
10.62518408917975
 31
0.0
 12
2.847009496127728
 22
10.62518408917975
 32
2.0
 13
5.500000000000001
 23
9.526279441628825
 33
2.0
  0
3DFACE
  5
15D
330
17
100
AcDbEntity
  8
NEMA17
100
AcDbFace
 10
0.0
 20
0.0
 30
0.0
 11
5.500000000000001
 21
9.526279441628825
 31
0.0
 12
2.847009496127728
 22
10.62518408917975
 32
0.0
 13
0.0
 23
0.0
 33
0.0
  0
3DFACE
  5
15E
330
17
100
AcDbEntity
  8
NEMA17
100
AcDbFace
 10
0.0
 20
0.0
 30
2.0
 11
5.500000000000001
 21
9.526279441628825
 31
2.0
 12
2.847009496127728
 22
10.62518408917975
 32
2.0
 13
0.0
 23
0.0
 33
2.0
  0
3DFACE
  5
15F
330
17
100
AcDbEntity
  8
NEMA17
100
AcDbFace
 10
2.847009496127728
 20
10.62518408917975
 30
0.0
 11
6.735557395310443e-16
 21
11.0
 31
0.0
 12
6.735557395310443e-16
 22
11.0
 32
2.0
 13
2.847009496127728
 23
10.62518408917975
 33
2.0
  0
3DFACE
  5
160
330
17
100
AcDbEntity
  8
NEMA17
100
AcDbFace
 10
0.0
 20
0.0
 30
0.0
 11
2.847009496127728
 21
10.62518408917975
 31
0.0
 12
6.735557395310443e-16
 22
11.0
 32
0.0
 13
0.0
 23
0.0
 33
0.0
  0
3DFACE
  5
161
330
17
100
AcDbEntity
  8
NEMA17
100
AcDbFace
 10
0.0
 20
0.0
 30
2.0
 11
2.847009496127728
 21
10.62518408917975
 31
2.0
 12
6.735557395310443e-16
 22
11.0
 32
2.0
 13
0.0
 23
0.0
 33
2.0
  0
3DFACE
  5
162
330
17
100
AcDbEntity
  8
NEMA17
100
AcDbFace
 10
6.735557395310443e-16
 20
11.0
 30
0.0
 11
-2.847009496127727
 21
10.62518408917975
 31
0.0
 12
-2.847009496127727
 22
10.62518408917975
 32
2.0
 13
6.735557395310443e-16
 23
11.0
 33
2.0
  0
3DFACE
  5
163
330
17
100
AcDbEntity
  8
NEMA17
100
AcDbFace
 10
0.0
 20
0.0
 30
0.0
 11
6.735557395310443e-16
 21
11.0
 31
0.0
 12
-2.847009496127727
 22
10.62518408917975
 32
0.0
 13
0.0
 23
0.0
 33
0.0
  0
3DFACE
  5
164
330
17
100
AcDbEntity
  8
NEMA17
100
AcDbFace
 10
0.0
 20
0.0
 30
2.0
 11
6.735557395310443e-16
 21
11.0
 31
2.0
 12
-2.847009496127727
 22
10.62518408917975
 32
2.0
 13
0.0
 23
0.0
 33
2.0
  0
3DFACE
  5
165
330
17
100
AcDbEntity
  8
NEMA17
100
AcDbFace
 10
-2.847009496127727
 20
10.62518408917975
 30
0.0
 11
-5.499999999999997
 21
9.526279441628827
 31
0.0
 12
-5.499999999999997
 22
9.526279441628827
 32
2.0
 13
-2.847009496127727
 23
10.62518408917975
 33
2.0
  0
3DFACE
  5
166
330
17
100
AcDbEntity
  8
NEMA17
100
AcDbFace
 10
0.0
 20
0.0
 30
0.0
 11
-2.847009496127727
 21
10.62518408917975
 31
0.0
 12
-5.499999999999997
 22
9.526279441628827
 32
0.0
 13
0.0
 23
0.0
 33
0.0
  0
3DFACE
  5
167
330
17
100
AcDbEntity
  8
NEMA17
100
AcDbFace
 10
0.0
 20
0.0
 30
2.0
 11
-2.847009496127727
 21
10.62518408917975
 31
2.0
 12
-5.499999999999997
 22
9.526279441628827
 32
2.0
 13
0.0
 23
0.0
 33
2.0
  0
3DFACE
  5
168
330
17
100
AcDbEntity
  8
NEMA17
100
AcDbFace
 10
-5.499999999999997
 20
9.526279441628827
 30
0.0
 11
-7.778174593052022
 21
7.778174593052023
 31
0.0
 12
-7.778174593052022
 22
7.778174593052023
 32
2.0
 13
-5.499999999999997
 23
9.526279441628827
 33
2.0
  0
3DFACE
  5
169
330
17
100
AcDbEntity
  8
NEMA17
100
AcDbFace
 10
0.0
 20
0.0
 30
0.0
 11
-5.499999999999997
 21
9.526279441628827
 31
0.0
 12
-7.778174593052022
 22
7.778174593052023
 32
0.0
 13
0.0
 23
0.0
 33
0.0
  0
3DFACE
  5
16A
330
17
100
AcDbEntity
  8
NEMA17
100
AcDbFace
 10
0.0
 20
0.0
 30
2.0
 11
-5.499999999999997
 21
9.526279441628827
 31
2.0
 12
-7.778174593052022
 22
7.778174593052023
 32
2.0
 13
0.0
 23
0.0
 33
2.0
  0
3DFACE
  5
16B
330
17
100
AcDbEntity
  8
NEMA17
100
AcDbFace
 10
-7.778174593052022
 20
7.778174593052023
 30
0.0
 11
-9.526279441628827
 21
5.499999999999999
 31
0.0
 12
-9.526279441628827
 22
5.499999999999999
 32
2.0
 13
-7.778174593052022
 23
7.778174593052023
 33
2.0
  0
3DFACE
  5
16C
330
17
100
AcDbEntity
  8
NEMA17
100
AcDbFace
 10
0.0
 20
0.0
 30
0.0
 11
-7.778174593052022
 21
7.778174593052023
 31
0.0
 12
-9.526279441628827
 22
5.499999999999999
 32
0.0
 13
0.0
 23
0.0
 33
0.0
  0
3DFACE
  5
16D
330
17
100
AcDbEntity
  8
NEMA17
100
AcDbFace
 10
0.0
 20
0.0
 30
2.0
 11
-7.778174593052022
 21
7.778174593052023
 31
2.0
 12
-9.526279441628827
 22
5.499999999999999
 32
2.0
 13
0.0
 23
0.0
 33
2.0
  0
3DFACE
  5
16E
330
17
100
AcDbEntity
  8
NEMA17
100
AcDbFace
 10
-9.526279441628827
 20
5.499999999999999
 30
0.0
 11
-10.62518408917975
 21
2.8470094961277312
 31
0.0
 12
-10.62518408917975
 22
2.8470094961277312
 32
2.0
 13
-9.526279441628827
 23
5.499999999999999
 33
2.0
  0
3DFACE
  5
16F
330
17
100
AcDbEntity
  8
NEMA17
100
AcDbFace
 10
0.0
 20
0.0
 30
0.0
 11
-9.526279441628827
 21
5.499999999999999
 31
0.0
 12
-10.62518408917975
 22
2.8470094961277312
 32
0.0
 13
0.0
 23
0.0
 33
0.0
  0
3DFACE
  5
170
330
17
100
AcDbEntity
  8
NEMA17
100
AcDbFace
 10
0.0
 20
0.0
 30
2.0
 11
-9.526279441628827
 21
5.499999999999999
 31
2.0
 12
-10.62518408917975
 22
2.8470094961277312
 32
2.0
 13
0.0
 23
0.0
 33
2.0
  0
3DFACE
  5
171
330
17
100
AcDbEntity
  8
NEMA17
100
AcDbFace
 10
-10.62518408917975
 20
2.8470094961277312
 30
0.0
 11
-11.0
 21
1.3471114790620886e-15
 31
0.0
 12
-11.0
 22
1.3471114790620886e-15
 32
2.0
 13
-10.62518408917975
 23
2.8470094961277312
 33
2.0
  0
3DFACE
  5
172
330
17
100
AcDbEntity
  8
NEMA17
100
AcDbFace
 10
0.0
 20
0.0
 30
0.0
 11
-10.62518408917975
 21
2.8470094961277312
 31
0.0
 12
-11.0
 22
1.3471114790620886e-15
 32
0.0
 13
0.0
 23
0.0
 33
0.0
  0
3DFACE
  5
173
330
17
100
AcDbEntity
  8
NEMA17
100
AcDbFace
 10
0.0
 20
0.0
 30
2.0
 11
-10.62518408917975
 21
2.8470094961277312
 31
2.0
 12
-11.0
 22
1.3471114790620886e-15
 32
2.0
 13
0.0
 23
0.0
 33
2.0
  0
3DFACE
  5
174
330
17
100
AcDbEntity
  8
NEMA17
100
AcDbFace
 10
-11.0
 20
1.3471114790620886e-15
 30
0.0
 11
-10.62518408917975
 21
-2.8470094961277286
 31
0.0
 12
-10.62518408917975
 22
-2.8470094961277286
 32
2.0
 13
-11.0
 23
1.3471114790620886e-15
 33
2.0
  0
3DFACE
  5
175
330
17
100
AcDbEntity
  8
NEMA17
100
AcDbFace
 10
0.0
 20
0.0
 30
0.0
 11
-11.0
 21
1.3471114790620886e-15
 31
0.0
 12
-10.62518408917975
 22
-2.8470094961277286
 32
0.0
 13
0.0
 23
0.0
 33
0.0
  0
3DFACE
  5
176
330
17
100
AcDbEntity
  8
NEMA17
100
AcDbFace
 10
0.0
 20
0.0
 30
2.0
 11
-11.0
 21
1.3471114790620886e-15
 31
2.0
 12
-10.62518408917975
 22
-2.8470094961277286
 32
2.0
 13
0.0
 23
0.0
 33
2.0
  0
3DFACE
  5
177
330
17
100
AcDbEntity
  8
NEMA17
100
AcDbFace
 10
-10.62518408917975
 20
-2.8470094961277286
 30
0.0
 11
-9.526279441628827
 21
-5.499999999999997
 31
0.0
 12
-9.526279441628827
 22
-5.499999999999997
 32
2.0
 13
-10.62518408917975
 23
-2.8470094961277286
 33
2.0
  0
3DFACE
  5
178
330
17
100
AcDbEntity
  8
NEMA17
100
AcDbFace
 10
0.0
 20
0.0
 30
0.0
 11
-10.62518408917975
 21
-2.8470094961277286
 31
0.0
 12
-9.526279441628827
 22
-5.499999999999997
 32
0.0
 13
0.0
 23
0.0
 33
0.0
  0
3DFACE
  5
179
330
17
100
AcDbEntity
  8
NEMA17
100
AcDbFace
 10
0.0
 20
0.0
 30
2.0
 11
-10.62518408917975
 21
-2.8470094961277286
 31
2.0
 12
-9.526279441628827
 22
-5.499999999999997
 32
2.0
 13
0.0
 23
0.0
 33
2.0
  0
3DFACE
  5
17A
330
17
100
AcDbEntity
  8
NEMA17
100
AcDbFace
 10
-9.526279441628827
 20
-5.499999999999997
 30
0.0
 11
-7.778174593052027
 21
-7.778174593052018
 31
0.0
 12
-7.778174593052027
 22
-7.778174593052018
 32
2.0
 13
-9.526279441628827
 23
-5.499999999999997
 33
2.0
  0
3DFACE
  5
17B
330
17
100
AcDbEntity
  8
NEMA17
100
AcDbFace
 10
0.0
 20
0.0
 30
0.0
 11
-9.526279441628827
 21
-5.499999999999997
 31
0.0
 12
-7.778174593052027
 22
-7.778174593052018
 32
0.0
 13
0.0
 23
0.0
 33
0.0
  0
3DFACE
  5
17C
330
17
100
AcDbEntity
  8
NEMA17
100
AcDbFace
 10
0.0
 20
0.0
 30
2.0
 11
-9.526279441628827
 21
-5.499999999999997
 31
2.0
 12
-7.778174593052027
 22
-7.778174593052018
 32
2.0
 13
0.0
 23
0.0
 33
2.0
  0
3DFACE
  5
17D
330
17
100
AcDbEntity
  8
NEMA17
100
AcDbFace
 10
-7.778174593052027
 20
-7.778174593052018
 30
0.0
 11
-5.500000000000005
 21
-9.526279441628823
 31
0.0
 12
-5.500000000000005
 22
-9.526279441628823
 32
2.0
 13
-7.778174593052027
 23
-7.778174593052018
 33
2.0
  0
3DFACE
  5
17E
330
17
100
AcDbEntity
  8
NEMA17
100
AcDbFace
 10
0.0
 20
0.0
 30
0.0
 11
-7.778174593052027
 21
-7.778174593052018
 31
0.0
 12
-5.500000000000005
 22
-9.526279441628823
 32
0.0
 13
0.0
 23
0.0
 33
0.0
  0
3DFACE
  5
17F
330
17
100
AcDbEntity
  8
NEMA17
100
AcDbFace
 10
0.0
 20
0.0
 30
2.0
 11
-7.778174593052027
 21
-7.778174593052018
 31
2.0
 12
-5.500000000000005
 22
-9.526279441628823
 32
2.0
 13
0.0
 23
0.0
 33
2.0
  0
3DFACE
  5
180
330
17
100
AcDbEntity
  8
NEMA17
100
AcDbFace
 10
-5.500000000000005
 20
-9.526279441628823
 30
0.0
 11
-2.847009496127727
 21
-10.62518408917975
 31
0.0
 12
-2.847009496127727
 22
-10.62518408917975
 32
2.0
 13
-5.500000000000005
 23
-9.526279441628823
 33
2.0
  0
3DFACE
  5
181
330
17
100
AcDbEntity
  8
NEMA17
100
AcDbFace
 10
0.0
 20
0.0
 30
0.0
 11
-5.500000000000005
 21
-9.526279441628823
 31
0.0
 12
-2.847009496127727
 22
-10.62518408917975
 32
0.0
 13
0.0
 23
0.0
 33
0.0
  0
3DFACE
  5
182
330
17
100
AcDbEntity
  8
NEMA17
100
AcDbFace
 10
0.0
 20
0.0
 30
2.0
 11
-5.500000000000005
 21
-9.526279441628823
 31
2.0
 12
-2.847009496127727
 22
-10.62518408917975
 32
2.0
 13
0.0
 23
0.0
 33
2.0
  0
3DFACE
  5
183
330
17
100
AcDbEntity
  8
NEMA17
100
AcDbFace
 10
-2.847009496127727
 20
-10.62518408917975
 30
0.0
 11
-2.0206672185931327e-15
 21
-11.0
 31
0.0
 12
-2.0206672185931327e-15
 22
-11.0
 32
2.0
 13
-2.847009496127727
 23
-10.62518408917975
 33
2.0
  0
3DFACE
  5
184
330
17
100
AcDbEntity
  8
NEMA17
100
AcDbFace
 10
0.0
 20
0.0
 30
0.0
 11
-2.847009496127727
 21
-10.62518408917975
 31
0.0
 12
-2.0206672185931327e-15
 22
-11.0
 32
0.0
 13
0.0
 23
0.0
 33
0.0
  0
3DFACE
  5
185
330
17
100
AcDbEntity
  8
NEMA17
100
AcDbFace
 10
0.0
 20
0.0
 30
2.0
 11
-2.847009496127727
 21
-10.62518408917975
 31
2.0
 12
-2.0206672185931327e-15
 22
-11.0
 32
2.0
 13
0.0
 23
0.0
 33
2.0
  0
3DFACE
  5
186
330
17
100
AcDbEntity
  8
NEMA17
100
AcDbFace
 10
-2.0206672185931327e-15
 20
-11.0
 30
0.0
 11
2.8470094961277232
 21
-10.625184089179752
 31
0.0
 12
2.8470094961277232
 22
-10.625184089179752
 32
2.0
 13
-2.0206672185931327e-15
 23
-11.0
 33
2.0
  0
3DFACE
  5
187
330
17
100
AcDbEntity
  8
NEMA17
100
AcDbFace
 10
0.0
 20
0.0
 30
0.0
 11
-2.0206672185931327e-15
 21
-11.0
 31
0.0
 12
2.8470094961277232
 22
-10.625184089179752
 32
0.0
 13
0.0
 23
0.0
 33
0.0
  0
3DFACE
  5
188
330
17
100
AcDbEntity
  8
NEMA17
100
AcDbFace
 10
0.0
 20
0.0
 30
2.0
 11
-2.0206672185931327e-15
 21
-11.0
 31
2.0
 12
2.8470094961277232
 22
-10.625184089179752
 32
2.0
 13
0.0
 23
0.0
 33
2.0
  0
3DFACE
  5
189
330
17
100
AcDbEntity
  8
NEMA17
100
AcDbFace
 10
2.8470094961277232
 20
-10.625184089179752
 30
0.0
 11
5.500000000000001
 21
-9.526279441628825
 31
0.0
 12
5.500000000000001
 22
-9.526279441628825
 32
2.0
 13
2.8470094961277232
 23
-10.625184089179752
 33
2.0
  0
3DFACE
  5
18A
330
17
100
AcDbEntity
  8
NEMA17
100
AcDbFace
 10
0.0
 20
0.0
 30
0.0
 11
2.8470094961277232
 21
-10.625184089179752
 31
0.0
 12
5.500000000000001
 22
-9.526279441628825
 32
0.0
 13
0.0
 23
0.0
 33
0.0
  0
3DFACE
  5
18B
330
17
100
AcDbEntity
  8
NEMA17
100
AcDbFace
 10
0.0
 20
0.0
 30
2.0
 11
2.8470094961277232
 21
-10.625184089179752
 31
2.0
 12
5.500000000000001
 22
-9.526279441628825
 32
2.0
 13
0.0
 23
0.0
 33
2.0
  0
3DFACE
  5
18C
330
17
100
AcDbEntity
  8
NEMA17
100
AcDbFace
 10
5.500000000000001
 20
-9.526279441628825
 30
0.0
 11
7.778174593052021
 21
-7.778174593052024
 31
0.0
 12
7.778174593052021
 22
-7.778174593052024
 32
2.0
 13
5.500000000000001
 23
-9.526279441628825
 33
2.0
  0
3DFACE
  5
18D
330
17
100
AcDbEntity
  8
NEMA17
100
AcDbFace
 10
0.0
 20
0.0
 30
0.0
 11
5.500000000000001
 21
-9.526279441628825
 31
0.0
 12
7.778174593052021
 22
-7.778174593052024
 32
0.0
 13
0.0
 23
0.0
 33
0.0
  0
3DFACE
  5
18E
330
17
100
AcDbEntity
  8
NEMA17
100
AcDbFace
 10
0.0
 20
0.0
 30
2.0
 11
5.500000000000001
 21
-9.526279441628825
 31
2.0
 12
7.778174593052021
 22
-7.778174593052024
 32
2.0
 13
0.0
 23
0.0
 33
2.0
  0
3DFACE
  5
18F
330
17
100
AcDbEntity
  8
NEMA17
100
AcDbFace
 10
7.778174593052021
 20
-7.778174593052024
 30
0.0
 11
9.526279441628823
 21
-5.500000000000005
 31
0.0
 12
9.526279441628823
 22
-5.500000000000005
 32
2.0
 13
7.778174593052021
 23
-7.778174593052024
 33
2.0
  0
3DFACE
  5
190
330
17
100
AcDbEntity
  8
NEMA17
100
AcDbFace
 10
0.0
 20
0.0
 30
0.0
 11
7.778174593052021
 21
-7.778174593052024
 31
0.0
 12
9.526279441628823
 22
-5.500000000000005
 32
0.0
 13
0.0
 23
0.0
 33
0.0
  0
3DFACE
  5
191
330
17
100
AcDbEntity
  8
NEMA17
100
AcDbFace
 10
0.0
 20
0.0
 30
2.0
 11
7.778174593052021
 21
-7.778174593052024
 31
2.0
 12
9.526279441628823
 22
-5.500000000000005
 32
2.0
 13
0.0
 23
0.0
 33
2.0
  0
3DFACE
  5
192
330
17
100
AcDbEntity
  8
NEMA17
100
AcDbFace
 10
9.526279441628823
 20
-5.500000000000005
 30
0.0
 11
10.625184089179749
 21
-2.8470094961277375
 31
0.0
 12
10.625184089179749
 22
-2.8470094961277375
 32
2.0
 13
9.526279441628823
 23
-5.500000000000005
 33
2.0
  0
3DFACE
  5
193
330
17
100
AcDbEntity
  8
NEMA17
100
AcDbFace
 10
0.0
 20
0.0
 30
0.0
 11
9.526279441628823
 21
-5.500000000000005
 31
0.0
 12
10.625184089179749
 22
-2.8470094961277375
 32
0.0
 13
0.0
 23
0.0
 33
0.0
  0
3DFACE
  5
194
330
17
100
AcDbEntity
  8
NEMA17
100
AcDbFace
 10
0.0
 20
0.0
 30
2.0
 11
9.526279441628823
 21
-5.500000000000005
 31
2.0
 12
10.625184089179749
 22
-2.8470094961277375
 32
2.0
 13
0.0
 23
0.0
 33
2.0
  0
3DFACE
  5
195
330
17
100
AcDbEntity
  8
NEMA17
100
AcDbFace
 10
10.625184089179749
 20
-2.8470094961277375
 30
0.0
 11
11.0
 21
0.0
 31
0.0
 12
11.0
 22
0.0
 32
2.0
 13
10.625184089179749
 23
-2.8470094961277375
 33
2.0
  0
3DFACE
  5
196
330
17
100
AcDbEntity
  8
NEMA17
100
AcDbFace
 10
0.0
 20
0.0
 30
0.0
 11
10.625184089179749
 21
-2.8470094961277375
 31
0.0
 12
11.0
 22
0.0
 32
0.0
 13
0.0
 23
0.0
 33
0.0
  0
3DFACE
  5
197
330
17
100
AcDbEntity
  8
NEMA17
100
AcDbFace
 10
0.0
 20
0.0
 30
2.0
 11
10.625184089179749
 21
-2.8470094961277375
 31
2.0
 12
11.0
 22
0.0
 32
2.0
 13
0.0
 23
0.0
 33
2.0
  0
3DFACE
  5
198
330
17
100
AcDbEntity
  8
EJE_MOTOR
100
AcDbFace
 10
2.5
 20
0.0
 30
0.0
 11
2.309698831278217
 21
0.9567085809127245
 31
0.0
 12
2.309698831278217
 22
0.9567085809127245
 32
35.0
 13
2.5
 23
0.0
 33
35.0
  0
3DFACE
  5
199
330
17
100
AcDbEntity
  8
EJE_MOTOR
100
AcDbFace
 10
0.0
 20
0.0
 30
0.0
 11
2.5
 21
0.0
 31
0.0
 12
2.309698831278217
 22
0.9567085809127245
 32
0.0
 13
0.0
 23
0.0
 33
0.0
  0
3DFACE
  5
19A
330
17
100
AcDbEntity
  8
EJE_MOTOR
100
AcDbFace
 10
0.0
 20
0.0
 30
35.0
 11
2.5
 21
0.0
 31
35.0
 12
2.309698831278217
 22
0.9567085809127245
 32
35.0
 13
0.0
 23
0.0
 33
35.0
  0
3DFACE
  5
19B
330
17
100
AcDbEntity
  8
EJE_MOTOR
100
AcDbFace
 10
2.309698831278217
 20
0.9567085809127245
 30
0.0
 11
1.7677669529663689
 21
1.7677669529663687
 31
0.0
 12
1.7677669529663689
 22
1.7677669529663687
 32
35.0
 13
2.309698831278217
 23
0.9567085809127245
 33
35.0
  0
3DFACE
  5
19C
330
17
100
AcDbEntity
  8
EJE_MOTOR
100
AcDbFace
 10
0.0
 20
0.0
 30
0.0
 11
2.309698831278217
 21
0.9567085809127245
 31
0.0
 12
1.7677669529663689
 22
1.7677669529663687
 32
0.0
 13
0.0
 23
0.0
 33
0.0
  0
3DFACE
  5
19D
330
17
100
AcDbEntity
  8
EJE_MOTOR
100
AcDbFace
 10
0.0
 20
0.0
 30
35.0
 11
2.309698831278217
 21
0.9567085809127245
 31
35.0
 12
1.7677669529663689
 22
1.7677669529663687
 32
35.0
 13
0.0
 23
0.0
 33
35.0
  0
3DFACE
  5
19E
330
17
100
AcDbEntity
  8
EJE_MOTOR
100
AcDbFace
 10
1.7677669529663689
 20
1.7677669529663687
 30
0.0
 11
0.9567085809127246
 21
2.309698831278217
 31
0.0
 12
0.9567085809127246
 22
2.309698831278217
 32
35.0
 13
1.7677669529663689
 23
1.7677669529663687
 33
35.0
  0
3DFACE
  5
19F
330
17
100
AcDbEntity
  8
EJE_MOTOR
100
AcDbFace
 10
0.0
 20
0.0
 30
0.0
 11
1.7677669529663689
 21
1.7677669529663687
 31
0.0
 12
0.9567085809127246
 22
2.309698831278217
 32
0.0
 13
0.0
 23
0.0
 33
0.0
  0
3DFACE
  5
1A0
330
17
100
AcDbEntity
  8
EJE_MOTOR
100
AcDbFace
 10
0.0
 20
0.0
 30
35.0
 11
1.7677669529663689
 21
1.7677669529663687
 31
35.0
 12
0.9567085809127246
 22
2.309698831278217
 32
35.0
 13
0.0
 23
0.0
 33
35.0
  0
3DFACE
  5
1A1
330
17
100
AcDbEntity
  8
EJE_MOTOR
100
AcDbFace
 10
0.9567085809127246
 20
2.309698831278217
 30
0.0
 11
1.5308084989341916e-16
 21
2.5
 31
0.0
 12
1.5308084989341916e-16
 22
2.5
 32
35.0
 13
0.9567085809127246
 23
2.309698831278217
 33
35.0
  0
3DFACE
  5
1A2
330
17
100
AcDbEntity
  8
EJE_MOTOR
100
AcDbFace
 10
0.0
 20
0.0
 30
0.0
 11
0.9567085809127246
 21
2.309698831278217
 31
0.0
 12
1.5308084989341916e-16
 22
2.5
 32
0.0
 13
0.0
 23
0.0
 33
0.0
  0
3DFACE
  5
1A3
330
17
100
AcDbEntity
  8
EJE_MOTOR
100
AcDbFace
 10
0.0
 20
0.0
 30
35.0
 11
0.9567085809127246
 21
2.309698831278217
 31
35.0
 12
1.5308084989341916e-16
 22
2.5
 32
35.0
 13
0.0
 23
0.0
 33
35.0
  0
3DFACE
  5
1A4
330
17
100
AcDbEntity
  8
EJE_MOTOR
100
AcDbFace
 10
1.5308084989341916e-16
 20
2.5
 30
0.0
 11
-0.9567085809127243
 21
2.309698831278217
 31
0.0
 12
-0.9567085809127243
 22
2.309698831278217
 32
35.0
 13
1.5308084989341916e-16
 23
2.5
 33
35.0
  0
3DFACE
  5
1A5
330
17
100
AcDbEntity
  8
EJE_MOTOR
100
AcDbFace
 10
0.0
 20
0.0
 30
0.0
 11
1.5308084989341916e-16
 21
2.5
 31
0.0
 12
-0.9567085809127243
 22
2.309698831278217
 32
0.0
 13
0.0
 23
0.0
 33
0.0
  0
3DFACE
  5
1A6
330
17
100
AcDbEntity
  8
EJE_MOTOR
100
AcDbFace
 10
0.0
 20
0.0
 30
35.0
 11
1.5308084989341916e-16
 21
2.5
 31
35.0
 12
-0.9567085809127243
 22
2.309698831278217
 32
35.0
 13
0.0
 23
0.0
 33
35.0
  0
3DFACE
  5
1A7
330
17
100
AcDbEntity
  8
EJE_MOTOR
100
AcDbFace
 10
-0.9567085809127243
 20
2.309698831278217
 30
0.0
 11
-1.7677669529663687
 21
1.7677669529663689
 31
0.0
 12
-1.7677669529663687
 22
1.7677669529663689
 32
35.0
 13
-0.9567085809127243
 23
2.309698831278217
 33
35.0
  0
3DFACE
  5
1A8
330
17
100
AcDbEntity
  8
EJE_MOTOR
100
AcDbFace
 10
0.0
 20
0.0
 30
0.0
 11
-0.9567085809127243
 21
2.309698831278217
 31
0.0
 12
-1.7677669529663687
 22
1.7677669529663689
 32
0.0
 13
0.0
 23
0.0
 33
0.0
  0
3DFACE
  5
1A9
330
17
100
AcDbEntity
  8
EJE_MOTOR
100
AcDbFace
 10
0.0
 20
0.0
 30
35.0
 11
-0.9567085809127243
 21
2.309698831278217
 31
35.0
 12
-1.7677669529663687
 22
1.7677669529663689
 32
35.0
 13
0.0
 23
0.0
 33
35.0
  0
3DFACE
  5
1AA
330
17
100
AcDbEntity
  8
EJE_MOTOR
100
AcDbFace
 10
-1.7677669529663687
 20
1.7677669529663689
 30
0.0
 11
-2.309698831278217
 21
0.9567085809127247
 31
0.0
 12
-2.309698831278217
 22
0.9567085809127247
 32
35.0
 13
-1.7677669529663687
 23
1.7677669529663689
 33
35.0
  0
3DFACE
  5
1AB
330
17
100
AcDbEntity
  8
EJE_MOTOR
100
AcDbFace
 10
0.0
 20
0.0
 30
0.0
 11
-1.7677669529663687
 21
1.7677669529663689
 31
0.0
 12
-2.309698831278217
 22
0.9567085809127247
 32
0.0
 13
0.0
 23
0.0
 33
0.0
  0
3DFACE
  5
1AC
330
17
100
AcDbEntity
  8
EJE_MOTOR
100
AcDbFace
 10
0.0
 20
0.0
 30
35.0
 11
-1.7677669529663687
 21
1.7677669529663689
 31
35.0
 12
-2.309698831278217
 22
0.9567085809127247
 32
35.0
 13
0.0
 23
0.0
 33
35.0
  0
3DFACE
  5
1AD
330
17
100
AcDbEntity
  8
EJE_MOTOR
100
AcDbFace
 10
-2.309698831278217
 20
0.9567085809127247
 30
0.0
 11
-2.5
 21
3.061616997868383e-16
 31
0.0
 12
-2.5
 22
3.061616997868383e-16
 32
35.0
 13
-2.309698831278217
 23
0.9567085809127247
 33
35.0
  0
3DFACE
  5
1AE
330
17
100
AcDbEntity
  8
EJE_MOTOR
100
AcDbFace
 10
0.0
 20
0.0
 30
0.0
 11
-2.309698831278217
 21
0.9567085809127247
 31
0.0
 12
-2.5
 22
3.061616997868383e-16
 32
0.0
 13
0.0
 23
0.0
 33
0.0
  0
3DFACE
  5
1AF
330
17
100
AcDbEntity
  8
EJE_MOTOR
100
AcDbFace
 10
0.0
 20
0.0
 30
35.0
 11
-2.309698831278217
 21
0.9567085809127247
 31
35.0
 12
-2.5
 22
3.061616997868383e-16
 32
35.0
 13
0.0
 23
0.0
 33
35.0
  0
3DFACE
  5
1B0
330
17
100
AcDbEntity
  8
EJE_MOTOR
100
AcDbFace
 10
-2.5
 20
3.061616997868383e-16
 30
0.0
 11
-2.309698831278217
 21
-0.9567085809127241
 31
0.0
 12
-2.309698831278217
 22
-0.9567085809127241
 32
35.0
 13
-2.5
 23
3.061616997868383e-16
 33
35.0
  0
3DFACE
  5
1B1
330
17
100
AcDbEntity
  8
EJE_MOTOR
100
AcDbFace
 10
0.0
 20
0.0
 30
0.0
 11
-2.5
 21
3.061616997868383e-16
 31
0.0
 12
-2.309698831278217
 22
-0.9567085809127241
 32
0.0
 13
0.0
 23
0.0
 33
0.0
  0
3DFACE
  5
1B2
330
17
100
AcDbEntity
  8
EJE_MOTOR
100
AcDbFace
 10
0.0
 20
0.0
 30
35.0
 11
-2.5
 21
3.061616997868383e-16
 31
35.0
 12
-2.309698831278217
 22
-0.9567085809127241
 32
35.0
 13
0.0
 23
0.0
 33
35.0
  0
3DFACE
  5
1B3
330
17
100
AcDbEntity
  8
EJE_MOTOR
100
AcDbFace
 10
-2.309698831278217
 20
-0.9567085809127241
 30
0.0
 11
-1.7677669529663693
 21
-1.7677669529663687
 31
0.0
 12
-1.7677669529663693
 22
-1.7677669529663687
 32
35.0
 13
-2.309698831278217
 23
-0.9567085809127241
 33
35.0
  0
3DFACE
  5
1B4
330
17
100
AcDbEntity
  8
EJE_MOTOR
100
AcDbFace
 10
0.0
 20
0.0
 30
0.0
 11
-2.309698831278217
 21
-0.9567085809127241
 31
0.0
 12
-1.7677669529663693
 22
-1.7677669529663687
 32
0.0
 13
0.0
 23
0.0
 33
0.0
  0
3DFACE
  5
1B5
330
17
100
AcDbEntity
  8
EJE_MOTOR
100
AcDbFace
 10
0.0
 20
0.0
 30
35.0
 11
-2.309698831278217
 21
-0.9567085809127241
 31
35.0
 12
-1.7677669529663693
 22
-1.7677669529663687
 32
35.0
 13
0.0
 23
0.0
 33
35.0
  0
3DFACE
  5
1B6
330
17
100
AcDbEntity
  8
EJE_MOTOR
100
AcDbFace
 10
-1.7677669529663693
 20
-1.7677669529663687
 30
0.0
 11
-0.9567085809127258
 21
-2.309698831278216
 31
0.0
 12
-0.9567085809127258
 22
-2.309698831278216
 32
35.0
 13
-1.7677669529663693
 23
-1.7677669529663687
 33
35.0
  0
3DFACE
  5
1B7
330
17
100
AcDbEntity
  8
EJE_MOTOR
100
AcDbFace
 10
0.0
 20
0.0
 30
0.0
 11
-1.7677669529663693
 21
-1.7677669529663687
 31
0.0
 12
-0.9567085809127258
 22
-2.309698831278216
 32
0.0
 13
0.0
 23
0.0
 33
0.0
  0
3DFACE
  5
1B8
330
17
100
AcDbEntity
  8
EJE_MOTOR
100
AcDbFace
 10
0.0
 20
0.0
 30
35.0
 11
-1.7677669529663693
 21
-1.7677669529663687
 31
35.0
 12
-0.9567085809127258
 22
-2.309698831278216
 32
35.0
 13
0.0
 23
0.0
 33
35.0
  0
3DFACE
  5
1B9
330
17
100
AcDbEntity
  8
EJE_MOTOR
100
AcDbFace
 10
-0.9567085809127258
 20
-2.309698831278216
 30
0.0
 11
-4.592425496802574e-16
 21
-2.5
 31
0.0
 12
-4.592425496802574e-16
 22
-2.5
 32
35.0
 13
-0.9567085809127258
 23
-2.309698831278216
 33
35.0
  0
3DFACE
  5
1BA
330
17
100
AcDbEntity
  8
EJE_MOTOR
100
AcDbFace
 10
0.0
 20
0.0
 30
0.0
 11
-0.9567085809127258
 21
-2.309698831278216
 31
0.0
 12
-4.592425496802574e-16
 22
-2.5
 32
0.0
 13
0.0
 23
0.0
 33
0.0
  0
3DFACE
  5
1BB
330
17
100
AcDbEntity
  8
EJE_MOTOR
100
AcDbFace
 10
0.0
 20
0.0
 30
35.0
 11
-0.9567085809127258
 21
-2.309698831278216
 31
35.0
 12
-4.592425496802574e-16
 22
-2.5
 32
35.0
 13
0.0
 23
0.0
 33
35.0
  0
3DFACE
  5
1BC
330
17
100
AcDbEntity
  8
EJE_MOTOR
100
AcDbFace
 10
-4.592425496802574e-16
 20
-2.5
 30
0.0
 11
0.956708580912725
 21
-2.3096988312782165
 31
0.0
 12
0.956708580912725
 22
-2.3096988312782165
 32
35.0
 13
-4.592425496802574e-16
 23
-2.5
 33
35.0
  0
3DFACE
  5
1BD
330
17
100
AcDbEntity
  8
EJE_MOTOR
100
AcDbFace
 10
0.0
 20
0.0
 30
0.0
 11
-4.592425496802574e-16
 21
-2.5
 31
0.0
 12
0.956708580912725
 22
-2.3096988312782165
 32
0.0
 13
0.0
 23
0.0
 33
0.0
  0
3DFACE
  5
1BE
330
17
100
AcDbEntity
  8
EJE_MOTOR
100
AcDbFace
 10
0.0
 20
0.0
 30
35.0
 11
-4.592425496802574e-16
 21
-2.5
 31
35.0
 12
0.956708580912725
 22
-2.3096988312782165
 32
35.0
 13
0.0
 23
0.0
 33
35.0
  0
3DFACE
  5
1BF
330
17
100
AcDbEntity
  8
EJE_MOTOR
100
AcDbFace
 10
0.956708580912725
 20
-2.3096988312782165
 30
0.0
 11
1.7677669529663684
 21
-1.7677669529663693
 31
0.0
 12
1.7677669529663684
 22
-1.7677669529663693
 32
35.0
 13
0.956708580912725
 23
-2.3096988312782165
 33
35.0
  0
3DFACE
  5
1C0
330
17
100
AcDbEntity
  8
EJE_MOTOR
100
AcDbFace
 10
0.0
 20
0.0
 30
0.0
 11
0.956708580912725
 21
-2.3096988312782165
 31
0.0
 12
1.7677669529663684
 22
-1.7677669529663693
 32
0.0
 13
0.0
 23
0.0
 33
0.0
  0
3DFACE
  5
1C1
330
17
100
AcDbEntity
  8
EJE_MOTOR
100
AcDbFace
 10
0.0
 20
0.0
 30
35.0
 11
0.956708580912725
 21
-2.3096988312782165
 31
35.0
 12
1.7677669529663684
 22
-1.7677669529663693
 32
35.0
 13
0.0
 23
0.0
 33
35.0
  0
3DFACE
  5
1C2
330
17
100
AcDbEntity
  8
EJE_MOTOR
100
AcDbFace
 10
1.7677669529663684
 20
-1.7677669529663693
 30
0.0
 11
2.309698831278216
 21
-0.956708580912726
 31
0.0
 12
2.309698831278216
 22
-0.956708580912726
 32
35.0
 13
1.7677669529663684
 23
-1.7677669529663693
 33
35.0
  0
3DFACE
  5
1C3
330
17
100
AcDbEntity
  8
EJE_MOTOR
100
AcDbFace
 10
0.0
 20
0.0
 30
0.0
 11
1.7677669529663684
 21
-1.7677669529663693
 31
0.0
 12
2.309698831278216
 22
-0.956708580912726
 32
0.0
 13
0.0
 23
0.0
 33
0.0
  0
3DFACE
  5
1C4
330
17
100
AcDbEntity
  8
EJE_MOTOR
100
AcDbFace
 10
0.0
 20
0.0
 30
35.0
 11
1.7677669529663684
 21
-1.7677669529663693
 31
35.0
 12
2.309698831278216
 22
-0.956708580912726
 32
35.0
 13
0.0
 23
0.0
 33
35.0
  0
3DFACE
  5
1C5
330
17
100
AcDbEntity
  8
EJE_MOTOR
100
AcDbFace
 10
2.309698831278216
 20
-0.956708580912726
 30
0.0
 11
2.5
 21
0.0
 31
0.0
 12
2.5
 22
0.0
 32
35.0
 13
2.309698831278216
 23
-0.956708580912726
 33
35.0
  0
3DFACE
  5
1C6
330
17
100
AcDbEntity
  8
EJE_MOTOR
100
AcDbFace
 10
0.0
 20
0.0
 30
0.0
 11
2.309698831278216
 21
-0.956708580912726
 31
0.0
 12
2.5
 22
0.0
 32
0.0
 13
0.0
 23
0.0
 33
0.0
  0
3DFACE
  5
1C7
330
17
100
AcDbEntity
  8
EJE_MOTOR
100
AcDbFace
 10
0.0
 20
0.0
 30
35.0
 11
2.309698831278216
 21
-0.956708580912726
 31
35.0
 12
2.5
 22
0.0
 32
35.0
 13
0.0
 23
0.0
 33
35.0
  0
3DFACE
  5
1C8
330
17
100
AcDbEntity
  8
RODAMIENTO
100
AcDbFace
 10
30.0
 20
0.0
 30
5.0
 11
29.423558412096913
 21
5.852709660483847
 31
5.0
 12
29.423558412096913
 22
5.852709660483847
 32
12.0
 13
30.0
 23
0.0
 33
12.0
  0
3DFACE
  5
1C9
330
17
100
AcDbEntity
  8
RODAMIENTO
100
AcDbFace
 10
0.0
 20
0.0
 30
5.0
 11
30.0
 21
0.0
 31
5.0
 12
29.423558412096913
 22
5.852709660483847
 32
5.0
 13
0.0
 23
0.0
 33
5.0
  0
3DFACE
  5
1CA
330
17
100
AcDbEntity
  8
RODAMIENTO
100
AcDbFace
 10
0.0
 20
0.0
 30
12.0
 11
30.0
 21
0.0
 31
12.0
 12
29.423558412096913
 22
5.852709660483847
 32
12.0
 13
0.0
 23
0.0
 33
12.0
  0
3DFACE
  5
1CB
330
17
100
AcDbEntity
  8
RODAMIENTO
100
AcDbFace
 10
29.423558412096913
 20
5.852709660483847
 30
5.0
 11
27.716385975338603
 21
11.480502970952694
 31
5.0
 12
27.716385975338603
 22
11.480502970952694
 32
12.0
 13
29.423558412096913
 23
5.852709660483847
 33
12.0
  0
3DFACE
  5
1CC
330
17
100
AcDbEntity
  8
RODAMIENTO
100
AcDbFace
 10
0.0
 20
0.0
 30
5.0
 11
29.423558412096913
 21
5.852709660483847
 31
5.0
 12
27.716385975338603
 22
11.480502970952694
 32
5.0
 13
0.0
 23
0.0
 33
5.0
  0
3DFACE
  5
1CD
330
17
100
AcDbEntity
  8
RODAMIENTO
100
AcDbFace
 10
0.0
 20
0.0
 30
12.0
 11
29.423558412096913
 21
5.852709660483847
 31
12.0
 12
27.716385975338603
 22
11.480502970952694
 32
12.0
 13
0.0
 23
0.0
 33
12.0
  0
3DFACE
  5
1CE
330
17
100
AcDbEntity
  8
RODAMIENTO
100
AcDbFace
 10
27.716385975338603
 20
11.480502970952694
 30
5.0
 11
24.944088369076358
 21
16.667106990588067
 31
5.0
 12
24.944088369076358
 22
16.667106990588067
 32
12.0
 13
27.716385975338603
 23
11.480502970952694
 33
12.0
  0
3DFACE
  5
1CF
330
17
100
AcDbEntity
  8
RODAMIENTO
100
AcDbFace
 10
0.0
 20
0.0
 30
5.0
 11
27.716385975338603
 21
11.480502970952694
 31
5.0
 12
24.944088369076358
 22
16.667106990588067
 32
5.0
 13
0.0
 23
0.0
 33
5.0
  0
3DFACE
  5
1D0
330
17
100
AcDbEntity
  8
RODAMIENTO
100
AcDbFace
 10
0.0
 20
0.0
 30
12.0
 11
27.716385975338603
 21
11.480502970952694
 31
12.0
 12
24.944088369076358
 22
16.667106990588067
 32
12.0
 13
0.0
 23
0.0
 33
12.0
  0
3DFACE
  5
1D1
330
17
100
AcDbEntity
  8
RODAMIENTO
100
AcDbFace
 10
24.944088369076358
 20
16.667106990588067
 30
5.0
 11
21.213203435596427
 21
21.213203435596423
 31
5.0
 12
21.213203435596427
 22
21.213203435596423
 32
12.0
 13
24.944088369076358
 23
16.667106990588067
 33
12.0
  0
3DFACE
  5
1D2
330
17
100
AcDbEntity
  8
RODAMIENTO
100
AcDbFace
 10
0.0
 20
0.0
 30
5.0
 11
24.944088369076358
 21
16.667106990588067
 31
5.0
 12
21.213203435596427
 22
21.213203435596423
 32
5.0
 13
0.0
 23
0.0
 33
5.0
  0
3DFACE
  5
1D3
330
17
100
AcDbEntity
  8
RODAMIENTO
100
AcDbFace
 10
0.0
 20
0.0
 30
12.0
 11
24.944088369076358
 21
16.667106990588067
 31
12.0
 12
21.213203435596427
 22
21.213203435596423
 32
12.0
 13
0.0
 23
0.0
 33
12.0
  0
3DFACE
  5
1D4
330
17
100
AcDbEntity
  8
RODAMIENTO
100
AcDbFace
 10
21.213203435596427
 20
21.213203435596423
 30
5.0
 11
16.667106990588067
 21
24.944088369076358
 31
5.0
 12
16.667106990588067
 22
24.944088369076358
 32
12.0
 13
21.213203435596427
 23
21.213203435596423
 33
12.0
  0
3DFACE
  5
1D5
330
17
100
AcDbEntity
  8
RODAMIENTO
100
AcDbFace
 10
0.0
 20
0.0
 30
5.0
 11
21.213203435596427
 21
21.213203435596423
 31
5.0
 12
16.667106990588067
 22
24.944088369076358
 32
5.0
 13
0.0
 23
0.0
 33
5.0
  0
3DFACE
  5
1D6
330
17
100
AcDbEntity
  8
RODAMIENTO
100
AcDbFace
 10
0.0
 20
0.0
 30
12.0
 11
21.213203435596427
 21
21.213203435596423
 31
12.0
 12
16.667106990588067
 22
24.944088369076358
 32
12.0
 13
0.0
 23
0.0
 33
12.0
  0
3DFACE
  5
1D7
330
17
100
AcDbEntity
  8
RODAMIENTO
100
AcDbFace
 10
16.667106990588067
 20
24.944088369076358
 30
5.0
 11
11.480502970952696
 21
27.716385975338603
 31
5.0
 12
11.480502970952696
 22
27.716385975338603
 32
12.0
 13
16.667106990588067
 23
24.944088369076358
 33
12.0
  0
3DFACE
  5
1D8
330
17
100
AcDbEntity
  8
RODAMIENTO
100
AcDbFace
 10
0.0
 20
0.0
 30
5.0
 11
16.667106990588067
 21
24.944088369076358
 31
5.0
 12
11.480502970952696
 22
27.716385975338603
 32
5.0
 13
0.0
 23
0.0
 33
5.0
  0
3DFACE
  5
1D9
330
17
100
AcDbEntity
  8
RODAMIENTO
100
AcDbFace
 10
0.0
 20
0.0
 30
12.0
 11
16.667106990588067
 21
24.944088369076358
 31
12.0
 12
11.480502970952696
 22
27.716385975338603
 32
12.0
 13
0.0
 23
0.0
 33
12.0
  0
3DFACE
  5
1DA
330
17
100
AcDbEntity
  8
RODAMIENTO
100
AcDbFace
 10
11.480502970952696
 20
27.716385975338603
 30
5.0
 11
5.85270966048385
 21
29.423558412096913
 31
5.0
 12
5.85270966048385
 22
29.423558412096913
 32
12.0
 13
11.480502970952696
 23
27.716385975338603
 33
12.0
  0
3DFACE
  5
1DB
330
17
100
AcDbEntity
  8
RODAMIENTO
100
AcDbFace
 10
0.0
 20
0.0
 30
5.0
 11
11.480502970952696
 21
27.716385975338603
 31
5.0
 12
5.85270966048385
 22
29.423558412096913
 32
5.0
 13
0.0
 23
0.0
 33
5.0
  0
3DFACE
  5
1DC
330
17
100
AcDbEntity
  8
RODAMIENTO
100
AcDbFace
 10
0.0
 20
0.0
 30
12.0
 11
11.480502970952696
 21
27.716385975338603
 31
12.0
 12
5.85270966048385
 22
29.423558412096913
 32
12.0
 13
0.0
 23
0.0
 33
12.0
  0
3DFACE
  5
1DD
330
17
100
AcDbEntity
  8
RODAMIENTO
100
AcDbFace
 10
5.85270966048385
 20
29.423558412096913
 30
5.0
 11
1.83697019872103e-15
 21
30.0
 31
5.0
 12
1.83697019872103e-15
 22
30.0
 32
12.0
 13
5.85270966048385
 23
29.423558412096913
 33
12.0
  0
3DFACE
  5
1DE
330
17
100
AcDbEntity
  8
RODAMIENTO
100
AcDbFace
 10
0.0
 20
0.0
 30
5.0
 11
5.85270966048385
 21
29.423558412096913
 31
5.0
 12
1.83697019872103e-15
 22
30.0
 32
5.0
 13
0.0
 23
0.0
 33
5.0
  0
3DFACE
  5
1DF
330
17
100
AcDbEntity
  8
RODAMIENTO
100
AcDbFace
 10
0.0
 20
0.0
 30
12.0
 11
5.85270966048385
 21
29.423558412096913
 31
12.0
 12
1.83697019872103e-15
 22
30.0
 32
12.0
 13
0.0
 23
0.0
 33
12.0
  0
3DFACE
  5
1E0
330
17
100
AcDbEntity
  8
RODAMIENTO
100
AcDbFace
 10
1.83697019872103e-15
 20
30.0
 30
5.0
 11
-5.852709660483846
 21
29.423558412096913
 31
5.0
 12
-5.852709660483846
 22
29.423558412096913
 32
12.0
 13
1.83697019872103e-15
 23
30.0
 33
12.0
  0
3DFACE
  5
1E1
330
17
100
AcDbEntity
  8
RODAMIENTO
100
AcDbFace
 10
0.0
 20
0.0
 30
5.0
 11
1.83697019872103e-15
 21
30.0
 31
5.0
 12
-5.852709660483846
 22
29.423558412096913
 32
5.0
 13
0.0
 23
0.0
 33
5.0
  0
3DFACE
  5
1E2
330
17
100
AcDbEntity
  8
RODAMIENTO
100
AcDbFace
 10
0.0
 20
0.0
 30
12.0
 11
1.83697019872103e-15
 21
30.0
 31
12.0
 12
-5.852709660483846
 22
29.423558412096913
 32
12.0
 13
0.0
 23
0.0
 33
12.0
  0
3DFACE
  5
1E3
330
17
100
AcDbEntity
  8
RODAMIENTO
100
AcDbFace
 10
-5.852709660483846
 20
29.423558412096913
 30
5.0
 11
-11.480502970952692
 21
27.716385975338603
 31
5.0
 12
-11.480502970952692
 22
27.716385975338603
 32
12.0
 13
-5.852709660483846
 23
29.423558412096913
 33
12.0
  0
3DFACE
  5
1E4
330
17
100
AcDbEntity
  8
RODAMIENTO
100
AcDbFace
 10
0.0
 20
0.0
 30
5.0
 11
-5.852709660483846
 21
29.423558412096913
 31
5.0
 12
-11.480502970952692
 22
27.716385975338603
 32
5.0
 13
0.0
 23
0.0
 33
5.0
  0
3DFACE
  5
1E5
330
17
100
AcDbEntity
  8
RODAMIENTO
100
AcDbFace
 10
0.0
 20
0.0
 30
12.0
 11
-5.852709660483846
 21
29.423558412096913
 31
12.0
 12
-11.480502970952692
 22
27.716385975338603
 32
12.0
 13
0.0
 23
0.0
 33
12.0
  0
3DFACE
  5
1E6
330
17
100
AcDbEntity
  8
RODAMIENTO
100
AcDbFace
 10
-11.480502970952692
 20
27.716385975338603
 30
5.0
 11
-16.66710699058806
 21
24.944088369076365
 31
5.0
 12
-16.66710699058806
 22
24.944088369076365
 32
12.0
 13
-11.480502970952692
 23
27.716385975338603
 33
12.0
  0
3DFACE
  5
1E7
330
17
100
AcDbEntity
  8
RODAMIENTO
100
AcDbFace
 10
0.0
 20
0.0
 30
5.0
 11
-11.480502970952692
 21
27.716385975338603
 31
5.0
 12
-16.66710699058806
 22
24.944088369076365
 32
5.0
 13
0.0
 23
0.0
 33
5.0
  0
3DFACE
  5
1E8
330
17
100
AcDbEntity
  8
RODAMIENTO
100
AcDbFace
 10
0.0
 20
0.0
 30
12.0
 11
-11.480502970952692
 21
27.716385975338603
 31
12.0
 12
-16.66710699058806
 22
24.944088369076365
 32
12.0
 13
0.0
 23
0.0
 33
12.0
  0
3DFACE
  5
1E9
330
17
100
AcDbEntity
  8
RODAMIENTO
100
AcDbFace
 10
-16.66710699058806
 20
24.944088369076365
 30
5.0
 11
-21.213203435596423
 21
21.213203435596427
 31
5.0
 12
-21.213203435596423
 22
21.213203435596427
 32
12.0
 13
-16.66710699058806
 23
24.944088369076365
 33
12.0
  0
3DFACE
  5
1EA
330
17
100
AcDbEntity
  8
RODAMIENTO
100
AcDbFace
 10
0.0
 20
0.0
 30
5.0
 11
-16.66710699058806
 21
24.944088369076365
 31
5.0
 12
-21.213203435596423
 22
21.213203435596427
 32
5.0
 13
0.0
 23
0.0
 33
5.0
  0
3DFACE
  5
1EB
330
17
100
AcDbEntity
  8
RODAMIENTO
100
AcDbFace
 10
0.0
 20
0.0
 30
12.0
 11
-16.66710699058806
 21
24.944088369076365
 31
12.0
 12
-21.213203435596423
 22
21.213203435596427
 32
12.0
 13
0.0
 23
0.0
 33
12.0
  0
3DFACE
  5
1EC
330
17
100
AcDbEntity
  8
RODAMIENTO
100
AcDbFace
 10
-21.213203435596423
 20
21.213203435596427
 30
5.0
 11
-24.94408836907636
 21
16.667106990588067
 31
5.0
 12
-24.94408836907636
 22
16.667106990588067
 32
12.0
 13
-21.213203435596423
 23
21.213203435596427
 33
12.0
  0
3DFACE
  5
1ED
330
17
100
AcDbEntity
  8
RODAMIENTO
100
AcDbFace
 10
0.0
 20
0.0
 30
5.0
 11
-21.213203435596423
 21
21.213203435596427
 31
5.0
 12
-24.94408836907636
 22
16.667106990588067
 32
5.0
 13
0.0
 23
0.0
 33
5.0
  0
3DFACE
  5
1EE
330
17
100
AcDbEntity
  8
RODAMIENTO
100
AcDbFace
 10
0.0
 20
0.0
 30
12.0
 11
-21.213203435596423
 21
21.213203435596427
 31
12.0
 12
-24.94408836907636
 22
16.667106990588067
 32
12.0
 13
0.0
 23
0.0
 33
12.0
  0
3DFACE
  5
1EF
330
17
100
AcDbEntity
  8
RODAMIENTO
100
AcDbFace
 10
-24.94408836907636
 20
16.667106990588067
 30
5.0
 11
-27.716385975338603
 21
11.480502970952697
 31
5.0
 12
-27.716385975338603
 22
11.480502970952697
 32
12.0
 13
-24.94408836907636
 23
16.667106990588067
 33
12.0
  0
3DFACE
  5
1F0
330
17
100
AcDbEntity
  8
RODAMIENTO
100
AcDbFace
 10
0.0
 20
0.0
 30
5.0
 11
-24.94408836907636
 21
16.667106990588067
 31
5.0
 12
-27.716385975338603
 22
11.480502970952697
 32
5.0
 13
0.0
 23
0.0
 33
5.0
  0
3DFACE
  5
1F1
330
17
100
AcDbEntity
  8
RODAMIENTO
100
AcDbFace
 10
0.0
 20
0.0
 30
12.0
 11
-24.94408836907636
 21
16.667106990588067
 31
12.0
 12
-27.716385975338603
 22
11.480502970952697
 32
12.0
 13
0.0
 23
0.0
 33
12.0
  0
3DFACE
  5
1F2
330
17
100
AcDbEntity
  8
RODAMIENTO
100
AcDbFace
 10
-27.716385975338603
 20
11.480502970952697
 30
5.0
 11
-29.423558412096913
 21
5.852709660483859
 31
5.0
 12
-29.423558412096913
 22
5.852709660483859
 32
12.0
 13
-27.716385975338603
 23
11.480502970952697
 33
12.0
  0
3DFACE
  5
1F3
330
17
100
AcDbEntity
  8
RODAMIENTO
100
AcDbFace
 10
0.0
 20
0.0
 30
5.0
 11
-27.716385975338603
 21
11.480502970952697
 31
5.0
 12
-29.423558412096913
 22
5.852709660483859
 32
5.0
 13
0.0
 23
0.0
 33
5.0
  0
3DFACE
  5
1F4
330
17
100
AcDbEntity
  8
RODAMIENTO
100
AcDbFace
 10
0.0
 20
0.0
 30
12.0
 11
-27.716385975338603
 21
11.480502970952697
 31
12.0
 12
-29.423558412096913
 22
5.852709660483859
 32
12.0
 13
0.0
 23
0.0
 33
12.0
  0
3DFACE
  5
1F5
330
17
100
AcDbEntity
  8
RODAMIENTO
100
AcDbFace
 10
-29.423558412096913
 20
5.852709660483859
 30
5.0
 11
-30.0
 21
3.67394039744206e-15
 31
5.0
 12
-30.0
 22
3.67394039744206e-15
 32
12.0
 13
-29.423558412096913
 23
5.852709660483859
 33
12.0
  0
3DFACE
  5
1F6
330
17
100
AcDbEntity
  8
RODAMIENTO
100
AcDbFace
 10
0.0
 20
0.0
 30
5.0
 11
-29.423558412096913
 21
5.852709660483859
 31
5.0
 12
-30.0
 22
3.67394039744206e-15
 32
5.0
 13
0.0
 23
0.0
 33
5.0
  0
3DFACE
  5
1F7
330
17
100
AcDbEntity
  8
RODAMIENTO
100
AcDbFace
 10
0.0
 20
0.0
 30
12.0
 11
-29.423558412096913
 21
5.852709660483859
 31
12.0
 12
-30.0
 22
3.67394039744206e-15
 32
12.0
 13
0.0
 23
0.0
 33
12.0
  0
3DFACE
  5
1F8
330
17
100
AcDbEntity
  8
RODAMIENTO
100
AcDbFace
 10
-30.0
 20
3.67394039744206e-15
 30
5.0
 11
-29.423558412096913
 21
-5.852709660483851
 31
5.0
 12
-29.423558412096913
 22
-5.852709660483851
 32
12.0
 13
-30.0
 23
3.67394039744206e-15
 33
12.0
  0
3DFACE
  5
1F9
330
17
100
AcDbEntity
  8
RODAMIENTO
100
AcDbFace
 10
0.0
 20
0.0
 30
5.0
 11
-30.0
 21
3.67394039744206e-15
 31
5.0
 12
-29.423558412096913
 22
-5.852709660483851
 32
5.0
 13
0.0
 23
0.0
 33
5.0
  0
3DFACE
  5
1FA
330
17
100
AcDbEntity
  8
RODAMIENTO
100
AcDbFace
 10
0.0
 20
0.0
 30
12.0
 11
-30.0
 21
3.67394039744206e-15
 31
12.0
 12
-29.423558412096913
 22
-5.852709660483851
 32
12.0
 13
0.0
 23
0.0
 33
12.0
  0
3DFACE
  5
1FB
330
17
100
AcDbEntity
  8
RODAMIENTO
100
AcDbFace
 10
-29.423558412096913
 20
-5.852709660483851
 30
5.0
 11
-27.716385975338607
 21
-11.48050297095269
 31
5.0
 12
-27.716385975338607
 22
-11.48050297095269
 32
12.0
 13
-29.423558412096913
 23
-5.852709660483851
 33
12.0
  0
3DFACE
  5
1FC
330
17
100
AcDbEntity
  8
RODAMIENTO
100
AcDbFace
 10
0.0
 20
0.0
 30
5.0
 11
-29.423558412096913
 21
-5.852709660483851
 31
5.0
 12
-27.716385975338607
 22
-11.48050297095269
 32
5.0
 13
0.0
 23
0.0
 33
5.0
  0
3DFACE
  5
1FD
330
17
100
AcDbEntity
  8
RODAMIENTO
100
AcDbFace
 10
0.0
 20
0.0
 30
12.0
 11
-29.423558412096913
 21
-5.852709660483851
 31
12.0
 12
-27.716385975338607
 22
-11.48050297095269
 32
12.0
 13
0.0
 23
0.0
 33
12.0
  0
3DFACE
  5
1FE
330
17
100
AcDbEntity
  8
RODAMIENTO
100
AcDbFace
 10
-27.716385975338607
 20
-11.48050297095269
 30
5.0
 11
-24.944088369076365
 21
-16.66710699058806
 31
5.0
 12
-24.944088369076365
 22
-16.66710699058806
 32
12.0
 13
-27.716385975338607
 23
-11.48050297095269
 33
12.0
  0
3DFACE
  5
1FF
330
17
100
AcDbEntity
  8
RODAMIENTO
100
AcDbFace
 10
0.0
 20
0.0
 30
5.0
 11
-27.716385975338607
 21
-11.48050297095269
 31
5.0
 12
-24.944088369076365
 22
-16.66710699058806
 32
5.0
 13
0.0
 23
0.0
 33
5.0
  0
3DFACE
  5
200
330
17
100
AcDbEntity
  8
RODAMIENTO
100
AcDbFace
 10
0.0
 20
0.0
 30
12.0
 11
-27.716385975338607
 21
-11.48050297095269
 31
12.0
 12
-24.944088369076365
 22
-16.66710699058806
 32
12.0
 13
0.0
 23
0.0
 33
12.0
  0
3DFACE
  5
201
330
17
100
AcDbEntity
  8
RODAMIENTO
100
AcDbFace
 10
-24.944088369076365
 20
-16.66710699058806
 30
5.0
 11
-21.21320343559643
 21
-21.213203435596423
 31
5.0
 12
-21.21320343559643
 22
-21.213203435596423
 32
12.0
 13
-24.944088369076365
 23
-16.66710699058806
 33
12.0
  0
3DFACE
  5
202
330
17
100
AcDbEntity
  8
RODAMIENTO
100
AcDbFace
 10
0.0
 20
0.0
 30
5.0
 11
-24.944088369076365
 21
-16.66710699058806
 31
5.0
 12
-21.21320343559643
 22
-21.213203435596423
 32
5.0
 13
0.0
 23
0.0
 33
5.0
  0
3DFACE
  5
203
330
17
100
AcDbEntity
  8
RODAMIENTO
100
AcDbFace
 10
0.0
 20
0.0
 30
12.0
 11
-24.944088369076365
 21
-16.66710699058806
 31
12.0
 12
-21.21320343559643
 22
-21.213203435596423
 32
12.0
 13
0.0
 23
0.0
 33
12.0
  0
3DFACE
  5
204
330
17
100
AcDbEntity
  8
RODAMIENTO
100
AcDbFace
 10
-21.21320343559643
 20
-21.213203435596423
 30
5.0
 11
-16.667106990588067
 21
-24.944088369076358
 31
5.0
 12
-16.667106990588067
 22
-24.944088369076358
 32
12.0
 13
-21.21320343559643
 23
-21.213203435596423
 33
12.0
  0
3DFACE
  5
205
330
17
100
AcDbEntity
  8
RODAMIENTO
100
AcDbFace
 10
0.0
 20
0.0
 30
5.0
 11
-21.21320343559643
 21
-21.213203435596423
 31
5.0
 12
-16.667106990588067
 22
-24.944088369076358
 32
5.0
 13
0.0
 23
0.0
 33
5.0
  0
3DFACE
  5
206
330
17
100
AcDbEntity
  8
RODAMIENTO
100
AcDbFace
 10
0.0
 20
0.0
 30
12.0
 11
-21.21320343559643
 21
-21.213203435596423
 31
12.0
 12
-16.667106990588067
 22
-24.944088369076358
 32
12.0
 13
0.0
 23
0.0
 33
12.0
  0
3DFACE
  5
207
330
17
100
AcDbEntity
  8
RODAMIENTO
100
AcDbFace
 10
-16.667106990588067
 20
-24.944088369076358
 30
5.0
 11
-11.48050297095271
 21
-27.716385975338596
 31
5.0
 12
-11.48050297095271
 22
-27.716385975338596
 32
12.0
 13
-16.667106990588067
 23
-24.944088369076358
 33
12.0
  0
3DFACE
  5
208
330
17
100
AcDbEntity
  8
RODAMIENTO
100
AcDbFace
 10
0.0
 20
0.0
 30
5.0
 11
-16.667106990588067
 21
-24.944088369076358
 31
5.0
 12
-11.48050297095271
 22
-27.716385975338596
 32
5.0
 13
0.0
 23
0.0
 33
5.0
  0
3DFACE
  5
209
330
17
100
AcDbEntity
  8
RODAMIENTO
100
AcDbFace
 10
0.0
 20
0.0
 30
12.0
 11
-16.667106990588067
 21
-24.944088369076358
 31
12.0
 12
-11.48050297095271
 22
-27.716385975338596
 32
12.0
 13
0.0
 23
0.0
 33
12.0
  0
3DFACE
  5
20A
330
17
100
AcDbEntity
  8
RODAMIENTO
100
AcDbFace
 10
-11.48050297095271
 20
-27.716385975338596
 30
5.0
 11
-5.8527096604838595
 21
-29.42355841209691
 31
5.0
 12
-5.8527096604838595
 22
-29.42355841209691
 32
12.0
 13
-11.48050297095271
 23
-27.716385975338596
 33
12.0
  0
3DFACE
  5
20B
330
17
100
AcDbEntity
  8
RODAMIENTO
100
AcDbFace
 10
0.0
 20
0.0
 30
5.0
 11
-11.48050297095271
 21
-27.716385975338596
 31
5.0
 12
-5.8527096604838595
 22
-29.42355841209691
 32
5.0
 13
0.0
 23
0.0
 33
5.0
  0
3DFACE
  5
20C
330
17
100
AcDbEntity
  8
RODAMIENTO
100
AcDbFace
 10
0.0
 20
0.0
 30
12.0
 11
-11.48050297095271
 21
-27.716385975338596
 31
12.0
 12
-5.8527096604838595
 22
-29.42355841209691
 32
12.0
 13
0.0
 23
0.0
 33
12.0
  0
3DFACE
  5
20D
330
17
100
AcDbEntity
  8
RODAMIENTO
100
AcDbFace
 10
-5.8527096604838595
 20
-29.42355841209691
 30
5.0
 11
-5.510910596163089e-15
 21
-30.0
 31
5.0
 12
-5.510910596163089e-15
 22
-30.0
 32
12.0
 13
-5.8527096604838595
 23
-29.42355841209691
 33
12.0
  0
3DFACE
  5
20E
330
17
100
AcDbEntity
  8
RODAMIENTO
100
AcDbFace
 10
0.0
 20
0.0
 30
5.0
 11
-5.8527096604838595
 21
-29.42355841209691
 31
5.0
 12
-5.510910596163089e-15
 22
-30.0
 32
5.0
 13
0.0
 23
0.0
 33
5.0
  0
3DFACE
  5
20F
330
17
100
AcDbEntity
  8
RODAMIENTO
100
AcDbFace
 10
0.0
 20
0.0
 30
12.0
 11
-5.8527096604838595
 21
-29.42355841209691
 31
12.0
 12
-5.510910596163089e-15
 22
-30.0
 32
12.0
 13
0.0
 23
0.0
 33
12.0
  0
3DFACE
  5
210
330
17
100
AcDbEntity
  8
RODAMIENTO
100
AcDbFace
 10
-5.510910596163089e-15
 20
-30.0
 30
5.0
 11
5.852709660483849
 21
-29.423558412096913
 31
5.0
 12
5.852709660483849
 22
-29.423558412096913
 32
12.0
 13
-5.510910596163089e-15
 23
-30.0
 33
12.0
  0
3DFACE
  5
211
330
17
100
AcDbEntity
  8
RODAMIENTO
100
AcDbFace
 10
0.0
 20
0.0
 30
5.0
 11
-5.510910596163089e-15
 21
-30.0
 31
5.0
 12
5.852709660483849
 22
-29.423558412096913
 32
5.0
 13
0.0
 23
0.0
 33
5.0
  0
3DFACE
  5
212
330
17
100
AcDbEntity
  8
RODAMIENTO
100
AcDbFace
 10
0.0
 20
0.0
 30
12.0
 11
-5.510910596163089e-15
 21
-30.0
 31
12.0
 12
5.852709660483849
 22
-29.423558412096913
 32
12.0
 13
0.0
 23
0.0
 33
12.0
  0
3DFACE
  5
213
330
17
100
AcDbEntity
  8
RODAMIENTO
100
AcDbFace
 10
5.852709660483849
 20
-29.423558412096913
 30
5.0
 11
11.480502970952701
 21
-27.7163859753386
 31
5.0
 12
11.480502970952701
 22
-27.7163859753386
 32
12.0
 13
5.852709660483849
 23
-29.423558412096913
 33
12.0
  0
3DFACE
  5
214
330
17
100
AcDbEntity
  8
RODAMIENTO
100
AcDbFace
 10
0.0
 20
0.0
 30
5.0
 11
5.852709660483849
 21
-29.423558412096913
 31
5.0
 12
11.480502970952701
 22
-27.7163859753386
 32
5.0
 13
0.0
 23
0.0
 33
5.0
  0
3DFACE
  5
215
330
17
100
AcDbEntity
  8
RODAMIENTO
100
AcDbFace
 10
0.0
 20
0.0
 30
12.0
 11
5.852709660483849
 21
-29.423558412096913
 31
12.0
 12
11.480502970952701
 22
-27.7163859753386
 32
12.0
 13
0.0
 23
0.0
 33
12.0
  0
3DFACE
  5
216
330
17
100
AcDbEntity
  8
RODAMIENTO
100
AcDbFace
 10
11.480502970952701
 20
-27.7163859753386
 30
5.0
 11
16.667106990588056
 21
-24.944088369076365
 31
5.0
 12
16.667106990588056
 22
-24.944088369076365
 32
12.0
 13
11.480502970952701
 23
-27.7163859753386
 33
12.0
  0
3DFACE
  5
217
330
17
100
AcDbEntity
  8
RODAMIENTO
100
AcDbFace
 10
0.0
 20
0.0
 30
5.0
 11
11.480502970952701
 21
-27.7163859753386
 31
5.0
 12
16.667106990588056
 22
-24.944088369076365
 32
5.0
 13
0.0
 23
0.0
 33
5.0
  0
3DFACE
  5
218
330
17
100
AcDbEntity
  8
RODAMIENTO
100
AcDbFace
 10
0.0
 20
0.0
 30
12.0
 11
11.480502970952701
 21
-27.7163859753386
 31
12.0
 12
16.667106990588056
 22
-24.944088369076365
 32
12.0
 13
0.0
 23
0.0
 33
12.0
  0
3DFACE
  5
219
330
17
100
AcDbEntity
  8
RODAMIENTO
100
AcDbFace
 10
16.667106990588056
 20
-24.944088369076365
 30
5.0
 11
21.21320343559642
 21
-21.21320343559643
 31
5.0
 12
21.21320343559642
 22
-21.21320343559643
 32
12.0
 13
16.667106990588056
 23
-24.944088369076365
 33
12.0
  0
3DFACE
  5
21A
330
17
100
AcDbEntity
  8
RODAMIENTO
100
AcDbFace
 10
0.0
 20
0.0
 30
5.0
 11
16.667106990588056
 21
-24.944088369076365
 31
5.0
 12
21.21320343559642
 22
-21.21320343559643
 32
5.0
 13
0.0
 23
0.0
 33
5.0
  0
3DFACE
  5
21B
330
17
100
AcDbEntity
  8
RODAMIENTO
100
AcDbFace
 10
0.0
 20
0.0
 30
12.0
 11
16.667106990588056
 21
-24.944088369076365
 31
12.0
 12
21.21320343559642
 22
-21.21320343559643
 32
12.0
 13
0.0
 23
0.0
 33
12.0
  0
3DFACE
  5
21C
330
17
100
AcDbEntity
  8
RODAMIENTO
100
AcDbFace
 10
21.21320343559642
 20
-21.21320343559643
 30
5.0
 11
24.944088369076358
 21
-16.667106990588067
 31
5.0
 12
24.944088369076358
 22
-16.667106990588067
 32
12.0
 13
21.21320343559642
 23
-21.21320343559643
 33
12.0
  0
3DFACE
  5
21D
330
17
100
AcDbEntity
  8
RODAMIENTO
100
AcDbFace
 10
0.0
 20
0.0
 30
5.0
 11
21.21320343559642
 21
-21.21320343559643
 31
5.0
 12
24.944088369076358
 22
-16.667106990588067
 32
5.0
 13
0.0
 23
0.0
 33
5.0
  0
3DFACE
  5
21E
330
17
100
AcDbEntity
  8
RODAMIENTO
100
AcDbFace
 10
0.0
 20
0.0
 30
12.0
 11
21.21320343559642
 21
-21.21320343559643
 31
12.0
 12
24.944088369076358
 22
-16.667106990588067
 32
12.0
 13
0.0
 23
0.0
 33
12.0
  0
3DFACE
  5
21F
330
17
100
AcDbEntity
  8
RODAMIENTO
100
AcDbFace
 10
24.944088369076358
 20
-16.667106990588067
 30
5.0
 11
27.716385975338596
 21
-11.480502970952712
 31
5.0
 12
27.716385975338596
 22
-11.480502970952712
 32
12.0
 13
24.944088369076358
 23
-16.667106990588067
 33
12.0
  0
3DFACE
  5
220
330
17
100
AcDbEntity
  8
RODAMIENTO
100
AcDbFace
 10
0.0
 20
0.0
 30
5.0
 11
24.944088369076358
 21
-16.667106990588067
 31
5.0
 12
27.716385975338596
 22
-11.480502970952712
 32
5.0
 13
0.0
 23
0.0
 33
5.0
  0
3DFACE
  5
221
330
17
100
AcDbEntity
  8
RODAMIENTO
100
AcDbFace
 10
0.0
 20
0.0
 30
12.0
 11
24.944088369076358
 21
-16.667106990588067
 31
12.0
 12
27.716385975338596
 22
-11.480502970952712
 32
12.0
 13
0.0
 23
0.0
 33
12.0
  0
3DFACE
  5
222
330
17
100
AcDbEntity
  8
RODAMIENTO
100
AcDbFace
 10
27.716385975338596
 20
-11.480502970952712
 30
5.0
 11
29.42355841209691
 21
-5.852709660483861
 31
5.0
 12
29.42355841209691
 22
-5.852709660483861
 32
12.0
 13
27.716385975338596
 23
-11.480502970952712
 33
12.0
  0
3DFACE
  5
223
330
17
100
AcDbEntity
  8
RODAMIENTO
100
AcDbFace
 10
0.0
 20
0.0
 30
5.0
 11
27.716385975338596
 21
-11.480502970952712
 31
5.0
 12
29.42355841209691
 22
-5.852709660483861
 32
5.0
 13
0.0
 23
0.0
 33
5.0
  0
3DFACE
  5
224
330
17
100
AcDbEntity
  8
RODAMIENTO
100
AcDbFace
 10
0.0
 20
0.0
 30
12.0
 11
27.716385975338596
 21
-11.480502970952712
 31
12.0
 12
29.42355841209691
 22
-5.852709660483861
 32
12.0
 13
0.0
 23
0.0
 33
12.0
  0
3DFACE
  5
225
330
17
100
AcDbEntity
  8
RODAMIENTO
100
AcDbFace
 10
29.42355841209691
 20
-5.852709660483861
 30
5.0
 11
30.0
 21
0.0
 31
5.0
 12
30.0
 22
0.0
 32
12.0
 13
29.42355841209691
 23
-5.852709660483861
 33
12.0
  0
3DFACE
  5
226
330
17
100
AcDbEntity
  8
RODAMIENTO
100
AcDbFace
 10
0.0
 20
0.0
 30
5.0
 11
29.42355841209691
 21
-5.852709660483861
 31
5.0
 12
30.0
 22
0.0
 32
5.0
 13
0.0
 23
0.0
 33
5.0
  0
3DFACE
  5
227
330
17
100
AcDbEntity
  8
RODAMIENTO
100
AcDbFace
 10
0.0
 20
0.0
 30
12.0
 11
29.42355841209691
 21
-5.852709660483861
 31
12.0
 12
30.0
 22
0.0
 32
12.0
 13
0.0
 23
0.0
 33
12.0
  0
3DFACE
  5
228
330
17
100
AcDbEntity
  8
RODAMIENTO
100
AcDbFace
 10
15.0
 20
0.0
 30
5.0
 11
14.488887394336025
 21
3.882285676537811
 31
5.0
 12
14.488887394336025
 22
3.882285676537811
 32
12.0
 13
15.0
 23
0.0
 33
12.0
  0
3DFACE
  5
229
330
17
100
AcDbEntity
  8
RODAMIENTO
100
AcDbFace
 10
0.0
 20
0.0
 30
5.0
 11
15.0
 21
0.0
 31
5.0
 12
14.488887394336025
 22
3.882285676537811
 32
5.0
 13
0.0
 23
0.0
 33
5.0
  0
3DFACE
  5
22A
330
17
100
AcDbEntity
  8
RODAMIENTO
100
AcDbFace
 10
0.0
 20
0.0
 30
12.0
 11
15.0
 21
0.0
 31
12.0
 12
14.488887394336025
 22
3.882285676537811
 32
12.0
 13
0.0
 23
0.0
 33
12.0
  0
3DFACE
  5
22B
330
17
100
AcDbEntity
  8
RODAMIENTO
100
AcDbFace
 10
14.488887394336025
 20
3.882285676537811
 30
5.0
 11
12.99038105676658
 21
7.499999999999999
 31
5.0
 12
12.99038105676658
 22
7.499999999999999
 32
12.0
 13
14.488887394336025
 23
3.882285676537811
 33
12.0
  0
3DFACE
  5
22C
330
17
100
AcDbEntity
  8
RODAMIENTO
100
AcDbFace
 10
0.0
 20
0.0
 30
5.0
 11
14.488887394336025
 21
3.882285676537811
 31
5.0
 12
12.99038105676658
 22
7.499999999999999
 32
5.0
 13
0.0
 23
0.0
 33
5.0
  0
3DFACE
  5
22D
330
17
100
AcDbEntity
  8
RODAMIENTO
100
AcDbFace
 10
0.0
 20
0.0
 30
12.0
 11
14.488887394336025
 21
3.882285676537811
 31
12.0
 12
12.99038105676658
 22
7.499999999999999
 32
12.0
 13
0.0
 23
0.0
 33
12.0
  0
3DFACE
  5
22E
330
17
100
AcDbEntity
  8
RODAMIENTO
100
AcDbFace
 10
12.99038105676658
 20
7.499999999999999
 30
5.0
 11
10.606601717798213
 21
10.606601717798211
 31
5.0
 12
10.606601717798213
 22
10.606601717798211
 32
12.0
 13
12.99038105676658
 23
7.499999999999999
 33
12.0
  0
3DFACE
  5
22F
330
17
100
AcDbEntity
  8
RODAMIENTO
100
AcDbFace
 10
0.0
 20
0.0
 30
5.0
 11
12.99038105676658
 21
7.499999999999999
 31
5.0
 12
10.606601717798213
 22
10.606601717798211
 32
5.0
 13
0.0
 23
0.0
 33
5.0
  0
3DFACE
  5
230
330
17
100
AcDbEntity
  8
RODAMIENTO
100
AcDbFace
 10
0.0
 20
0.0
 30
12.0
 11
12.99038105676658
 21
7.499999999999999
 31
12.0
 12
10.606601717798213
 22
10.606601717798211
 32
12.0
 13
0.0
 23
0.0
 33
12.0
  0
3DFACE
  5
231
330
17
100
AcDbEntity
  8
RODAMIENTO
100
AcDbFace
 10
10.606601717798213
 20
10.606601717798211
 30
5.0
 11
7.500000000000002
 21
12.990381056766578
 31
5.0
 12
7.500000000000002
 22
12.990381056766578
 32
12.0
 13
10.606601717798213
 23
10.606601717798211
 33
12.0
  0
3DFACE
  5
232
330
17
100
AcDbEntity
  8
RODAMIENTO
100
AcDbFace
 10
0.0
 20
0.0
 30
5.0
 11
10.606601717798213
 21
10.606601717798211
 31
5.0
 12
7.500000000000002
 22
12.990381056766578
 32
5.0
 13
0.0
 23
0.0
 33
5.0
  0
3DFACE
  5
233
330
17
100
AcDbEntity
  8
RODAMIENTO
100
AcDbFace
 10
0.0
 20
0.0
 30
12.0
 11
10.606601717798213
 21
10.606601717798211
 31
12.0
 12
7.500000000000002
 22
12.990381056766578
 32
12.0
 13
0.0
 23
0.0
 33
12.0
  0
3DFACE
  5
234
330
17
100
AcDbEntity
  8
RODAMIENTO
100
AcDbFace
 10
7.500000000000002
 20
12.990381056766578
 30
5.0
 11
3.882285676537811
 21
14.488887394336025
 31
5.0
 12
3.882285676537811
 22
14.488887394336025
 32
12.0
 13
7.500000000000002
 23
12.990381056766578
 33
12.0
  0
3DFACE
  5
235
330
17
100
AcDbEntity
  8
RODAMIENTO
100
AcDbFace
 10
0.0
 20
0.0
 30
5.0
 11
7.500000000000002
 21
12.990381056766578
 31
5.0
 12
3.882285676537811
 22
14.488887394336025
 32
5.0
 13
0.0
 23
0.0
 33
5.0
  0
3DFACE
  5
236
330
17
100
AcDbEntity
  8
RODAMIENTO
100
AcDbFace
 10
0.0
 20
0.0
 30
12.0
 11
7.500000000000002
 21
12.990381056766578
 31
12.0
 12
3.882285676537811
 22
14.488887394336025
 32
12.0
 13
0.0
 23
0.0
 33
12.0
  0
3DFACE
  5
237
330
17
100
AcDbEntity
  8
RODAMIENTO
100
AcDbFace
 10
3.882285676537811
 20
14.488887394336025
 30
5.0
 11
9.18485099360515e-16
 21
15.0
 31
5.0
 12
9.18485099360515e-16
 22
15.0
 32
12.0
 13
3.882285676537811
 23
14.488887394336025
 33
12.0
  0
3DFACE
  5
238
330
17
100
AcDbEntity
  8
RODAMIENTO
100
AcDbFace
 10
0.0
 20
0.0
 30
5.0
 11
3.882285676537811
 21
14.488887394336025
 31
5.0
 12
9.18485099360515e-16
 22
15.0
 32
5.0
 13
0.0
 23
0.0
 33
5.0
  0
3DFACE
  5
239
330
17
100
AcDbEntity
  8
RODAMIENTO
100
AcDbFace
 10
0.0
 20
0.0
 30
12.0
 11
3.882285676537811
 21
14.488887394336025
 31
12.0
 12
9.18485099360515e-16
 22
15.0
 32
12.0
 13
0.0
 23
0.0
 33
12.0
  0
3DFACE
  5
23A
330
17
100
AcDbEntity
  8
RODAMIENTO
100
AcDbFace
 10
9.18485099360515e-16
 20
15.0
 30
5.0
 11
-3.8822856765378093
 21
14.488887394336025
 31
5.0
 12
-3.8822856765378093
 22
14.488887394336025
 32
12.0
 13
9.18485099360515e-16
 23
15.0
 33
12.0
  0
3DFACE
  5
23B
330
17
100
AcDbEntity
  8
RODAMIENTO
100
AcDbFace
 10
0.0
 20
0.0
 30
5.0
 11
9.18485099360515e-16
 21
15.0
 31
5.0
 12
-3.8822856765378093
 22
14.488887394336025
 32
5.0
 13
0.0
 23
0.0
 33
5.0
  0
3DFACE
  5
23C
330
17
100
AcDbEntity
  8
RODAMIENTO
100
AcDbFace
 10
0.0
 20
0.0
 30
12.0
 11
9.18485099360515e-16
 21
15.0
 31
12.0
 12
-3.8822856765378093
 22
14.488887394336025
 32
12.0
 13
0.0
 23
0.0
 33
12.0
  0
3DFACE
  5
23D
330
17
100
AcDbEntity
  8
RODAMIENTO
100
AcDbFace
 10
-3.8822856765378093
 20
14.488887394336025
 30
5.0
 11
-7.4999999999999964
 21
12.99038105676658
 31
5.0
 12
-7.4999999999999964
 22
12.99038105676658
 32
12.0
 13
-3.8822856765378093
 23
14.488887394336025
 33
12.0
  0
3DFACE
  5
23E
330
17
100
AcDbEntity
  8
RODAMIENTO
100
AcDbFace
 10
0.0
 20
0.0
 30
5.0
 11
-3.8822856765378093
 21
14.488887394336025
 31
5.0
 12
-7.4999999999999964
 22
12.99038105676658
 32
5.0
 13
0.0
 23
0.0
 33
5.0
  0
3DFACE
  5
23F
330
17
100
AcDbEntity
  8
RODAMIENTO
100
AcDbFace
 10
0.0
 20
0.0
 30
12.0
 11
-3.8822856765378093
 21
14.488887394336025
 31
12.0
 12
-7.4999999999999964
 22
12.99038105676658
 32
12.0
 13
0.0
 23
0.0
 33
12.0
  0
3DFACE
  5
240
330
17
100
AcDbEntity
  8
RODAMIENTO
100
AcDbFace
 10
-7.4999999999999964
 20
12.99038105676658
 30
5.0
 11
-10.606601717798211
 21
10.606601717798213
 31
5.0
 12
-10.606601717798211
 22
10.606601717798213
 32
12.0
 13
-7.4999999999999964
 23
12.99038105676658
 33
12.0
  0
3DFACE
  5
241
330
17
100
AcDbEntity
  8
RODAMIENTO
100
AcDbFace
 10
0.0
 20
0.0
 30
5.0
 11
-7.4999999999999964
 21
12.99038105676658
 31
5.0
 12
-10.606601717798211
 22
10.606601717798213
 32
5.0
 13
0.0
 23
0.0
 33
5.0
  0
3DFACE
  5
242
330
17
100
AcDbEntity
  8
RODAMIENTO
100
AcDbFace
 10
0.0
 20
0.0
 30
12.0
 11
-7.4999999999999964
 21
12.99038105676658
 31
12.0
 12
-10.606601717798211
 22
10.606601717798213
 32
12.0
 13
0.0
 23
0.0
 33
12.0
  0
3DFACE
  5
243
330
17
100
AcDbEntity
  8
RODAMIENTO
100
AcDbFace
 10
-10.606601717798211
 20
10.606601717798213
 30
5.0
 11
-12.99038105676658
 21
7.499999999999999
 31
5.0
 12
-12.99038105676658
 22
7.499999999999999
 32
12.0
 13
-10.606601717798211
 23
10.606601717798213
 33
12.0
  0
3DFACE
  5
244
330
17
100
AcDbEntity
  8
RODAMIENTO
100
AcDbFace
 10
0.0
 20
0.0
 30
5.0
 11
-10.606601717798211
 21
10.606601717798213
 31
5.0
 12
-12.99038105676658
 22
7.499999999999999
 32
5.0
 13
0.0
 23
0.0
 33
5.0
  0
3DFACE
  5
245
330
17
100
AcDbEntity
  8
RODAMIENTO
100
AcDbFace
 10
0.0
 20
0.0
 30
12.0
 11
-10.606601717798211
 21
10.606601717798213
 31
12.0
 12
-12.99038105676658
 22
7.499999999999999
 32
12.0
 13
0.0
 23
0.0
 33
12.0
  0
3DFACE
  5
246
330
17
100
AcDbEntity
  8
RODAMIENTO
100
AcDbFace
 10
-12.99038105676658
 20
7.499999999999999
 30
5.0
 11
-14.488887394336023
 21
3.882285676537815
 31
5.0
 12
-14.488887394336023
 22
3.882285676537815
 32
12.0
 13
-12.99038105676658
 23
7.499999999999999
 33
12.0
  0
3DFACE
  5
247
330
17
100
AcDbEntity
  8
RODAMIENTO
100
AcDbFace
 10
0.0
 20
0.0
 30
5.0
 11
-12.99038105676658
 21
7.499999999999999
 31
5.0
 12
-14.488887394336023
 22
3.882285676537815
 32
5.0
 13
0.0
 23
0.0
 33
5.0
  0
3DFACE
  5
248
330
17
100
AcDbEntity
  8
RODAMIENTO
100
AcDbFace
 10
0.0
 20
0.0
 30
12.0
 11
-12.99038105676658
 21
7.499999999999999
 31
12.0
 12
-14.488887394336023
 22
3.882285676537815
 32
12.0
 13
0.0
 23
0.0
 33
12.0
  0
3DFACE
  5
249
330
17
100
AcDbEntity
  8
RODAMIENTO
100
AcDbFace
 10
-14.488887394336023
 20
3.882285676537815
 30
5.0
 11
-15.0
 21
1.83697019872103e-15
 31
5.0
 12
-15.0
 22
1.83697019872103e-15
 32
12.0
 13
-14.488887394336023
 23
3.882285676537815
 33
12.0
  0
3DFACE
  5
24A
330
17
100
AcDbEntity
  8
RODAMIENTO
100
AcDbFace
 10
0.0
 20
0.0
 30
5.0
 11
-14.488887394336023
 21
3.882285676537815
 31
5.0
 12
-15.0
 22
1.83697019872103e-15
 32
5.0
 13
0.0
 23
0.0
 33
5.0
  0
3DFACE
  5
24B
330
17
100
AcDbEntity
  8
RODAMIENTO
100
AcDbFace
 10
0.0
 20
0.0
 30
12.0
 11
-14.488887394336023
 21
3.882285676537815
 31
12.0
 12
-15.0
 22
1.83697019872103e-15
 32
12.0
 13
0.0
 23
0.0
 33
12.0
  0
3DFACE
  5
24C
330
17
100
AcDbEntity
  8
RODAMIENTO
100
AcDbFace
 10
-15.0
 20
1.83697019872103e-15
 30
5.0
 11
-14.488887394336025
 21
-3.882285676537812
 31
5.0
 12
-14.488887394336025
 22
-3.882285676537812
 32
12.0
 13
-15.0
 23
1.83697019872103e-15
 33
12.0
  0
3DFACE
  5
24D
330
17
100
AcDbEntity
  8
RODAMIENTO
100
AcDbFace
 10
0.0
 20
0.0
 30
5.0
 11
-15.0
 21
1.83697019872103e-15
 31
5.0
 12
-14.488887394336025
 22
-3.882285676537812
 32
5.0
 13
0.0
 23
0.0
 33
5.0
  0
3DFACE
  5
24E
330
17
100
AcDbEntity
  8
RODAMIENTO
100
AcDbFace
 10
0.0
 20
0.0
 30
12.0
 11
-15.0
 21
1.83697019872103e-15
 31
12.0
 12
-14.488887394336025
 22
-3.882285676537812
 32
12.0
 13
0.0
 23
0.0
 33
12.0
  0
3DFACE
  5
24F
330
17
100
AcDbEntity
  8
RODAMIENTO
100
AcDbFace
 10
-14.488887394336025
 20
-3.882285676537812
 30
5.0
 11
-12.990381056766582
 21
-7.499999999999996
 31
5.0
 12
-12.990381056766582
 22
-7.499999999999996
 32
12.0
 13
-14.488887394336025
 23
-3.882285676537812
 33
12.0
  0
3DFACE
  5
250
330
17
100
AcDbEntity
  8
RODAMIENTO
100
AcDbFace
 10
0.0
 20
0.0
 30
5.0
 11
-14.488887394336025
 21
-3.882285676537812
 31
5.0
 12
-12.990381056766582
 22
-7.499999999999996
 32
5.0
 13
0.0
 23
0.0
 33
5.0
  0
3DFACE
  5
251
330
17
100
AcDbEntity
  8
RODAMIENTO
100
AcDbFace
 10
0.0
 20
0.0
 30
12.0
 11
-14.488887394336025
 21
-3.882285676537812
 31
12.0
 12
-12.990381056766582
 22
-7.499999999999996
 32
12.0
 13
0.0
 23
0.0
 33
12.0
  0
3DFACE
  5
252
330
17
100
AcDbEntity
  8
RODAMIENTO
100
AcDbFace
 10
-12.990381056766582
 20
-7.499999999999996
 30
5.0
 11
-10.606601717798219
 21
-10.606601717798206
 31
5.0
 12
-10.606601717798219
 22
-10.606601717798206
 32
12.0
 13
-12.990381056766582
 23
-7.499999999999996
 33
12.0
  0
3DFACE
  5
253
330
17
100
AcDbEntity
  8
RODAMIENTO
100
AcDbFace
 10
0.0
 20
0.0
 30
5.0
 11
-12.990381056766582
 21
-7.499999999999996
 31
5.0
 12
-10.606601717798219
 22
-10.606601717798206
 32
5.0
 13
0.0
 23
0.0
 33
5.0
  0
3DFACE
  5
254
330
17
100
AcDbEntity
  8
RODAMIENTO
100
AcDbFace
 10
0.0
 20
0.0
 30
12.0
 11
-12.990381056766582
 21
-7.499999999999996
 31
12.0
 12
-10.606601717798219
 22
-10.606601717798206
 32
12.0
 13
0.0
 23
0.0
 33
12.0
  0
3DFACE
  5
255
330
17
100
AcDbEntity
  8
RODAMIENTO
100
AcDbFace
 10
-10.606601717798219
 20
-10.606601717798206
 30
5.0
 11
-7.500000000000007
 21
-12.990381056766577
 31
5.0
 12
-7.500000000000007
 22
-12.990381056766577
 32
12.0
 13
-10.606601717798219
 23
-10.606601717798206
 33
12.0
  0
3DFACE
  5
256
330
17
100
AcDbEntity
  8
RODAMIENTO
100
AcDbFace
 10
0.0
 20
0.0
 30
5.0
 11
-10.606601717798219
 21
-10.606601717798206
 31
5.0
 12
-7.500000000000007
 22
-12.990381056766577
 32
5.0
 13
0.0
 23
0.0
 33
5.0
  0
3DFACE
  5
257
330
17
100
AcDbEntity
  8
RODAMIENTO
100
AcDbFace
 10
0.0
 20
0.0
 30
12.0
 11
-10.606601717798219
 21
-10.606601717798206
 31
12.0
 12
-7.500000000000007
 22
-12.990381056766577
 32
12.0
 13
0.0
 23
0.0
 33
12.0
  0
3DFACE
  5
258
330
17
100
AcDbEntity
  8
RODAMIENTO
100
AcDbFace
 10
-7.500000000000007
 20
-12.990381056766577
 30
5.0
 11
-3.8822856765378093
 21
-14.488887394336025
 31
5.0
 12
-3.8822856765378093
 22
-14.488887394336025
 32
12.0
 13
-7.500000000000007
 23
-12.990381056766577
 33
12.0
  0
3DFACE
  5
259
330
17
100
AcDbEntity
  8
RODAMIENTO
100
AcDbFace
 10
0.0
 20
0.0
 30
5.0
 11
-7.500000000000007
 21
-12.990381056766577
 31
5.0
 12
-3.8822856765378093
 22
-14.488887394336025
 32
5.0
 13
0.0
 23
0.0
 33
5.0
  0
3DFACE
  5
25A
330
17
100
AcDbEntity
  8
RODAMIENTO
100
AcDbFace
 10
0.0
 20
0.0
 30
12.0
 11
-7.500000000000007
 21
-12.990381056766577
 31
12.0
 12
-3.8822856765378093
 22
-14.488887394336025
 32
12.0
 13
0.0
 23
0.0
 33
12.0
  0
3DFACE
  5
25B
330
17
100
AcDbEntity
  8
RODAMIENTO
100
AcDbFace
 10
-3.8822856765378093
 20
-14.488887394336025
 30
5.0
 11
-2.7554552980815444e-15
 21
-15.0
 31
5.0
 12
-2.7554552980815444e-15
 22
-15.0
 32
12.0
 13
-3.8822856765378093
 23
-14.488887394336025
 33
12.0
  0
3DFACE
  5
25C
330
17
100
AcDbEntity
  8
RODAMIENTO
100
AcDbFace
 10
0.0
 20
0.0
 30
5.0
 11
-3.8822856765378093
 21
-14.488887394336025
 31
5.0
 12
-2.7554552980815444e-15
 22
-15.0
 32
5.0
 13
0.0
 23
0.0
 33
5.0
  0
3DFACE
  5
25D
330
17
100
AcDbEntity
  8
RODAMIENTO
100
AcDbFace
 10
0.0
 20
0.0
 30
12.0
 11
-3.8822856765378093
 21
-14.488887394336025
 31
12.0
 12
-2.7554552980815444e-15
 22
-15.0
 32
12.0
 13
0.0
 23
0.0
 33
12.0
  0
3DFACE
  5
25E
330
17
100
AcDbEntity
  8
RODAMIENTO
100
AcDbFace
 10
-2.7554552980815444e-15
 20
-15.0
 30
5.0
 11
3.8822856765378044
 21
-14.488887394336027
 31
5.0
 12
3.8822856765378044
 22
-14.488887394336027
 32
12.0
 13
-2.7554552980815444e-15
 23
-15.0
 33
12.0
  0
3DFACE
  5
25F
330
17
100
AcDbEntity
  8
RODAMIENTO
100
AcDbFace
 10
0.0
 20
0.0
 30
5.0
 11
-2.7554552980815444e-15
 21
-15.0
 31
5.0
 12
3.8822856765378044
 22
-14.488887394336027
 32
5.0
 13
0.0
 23
0.0
 33
5.0
  0
3DFACE
  5
260
330
17
100
AcDbEntity
  8
RODAMIENTO
100
AcDbFace
 10
0.0
 20
0.0
 30
12.0
 11
-2.7554552980815444e-15
 21
-15.0
 31
12.0
 12
3.8822856765378044
 22
-14.488887394336027
 32
12.0
 13
0.0
 23
0.0
 33
12.0
  0
3DFACE
  5
261
330
17
100
AcDbEntity
  8
RODAMIENTO
100
AcDbFace
 10
3.8822856765378044
 20
-14.488887394336027
 30
5.0
 11
7.500000000000002
 21
-12.990381056766578
 31
5.0
 12
7.500000000000002
 22
-12.990381056766578
 32
12.0
 13
3.8822856765378044
 23
-14.488887394336027
 33
12.0
  0
3DFACE
  5
262
330
17
100
AcDbEntity
  8
RODAMIENTO
100
AcDbFace
 10
0.0
 20
0.0
 30
5.0
 11
3.8822856765378044
 21
-14.488887394336027
 31
5.0
 12
7.500000000000002
 22
-12.990381056766578
 32
5.0
 13
0.0
 23
0.0
 33
5.0
  0
3DFACE
  5
263
330
17
100
AcDbEntity
  8
RODAMIENTO
100
AcDbFace
 10
0.0
 20
0.0
 30
12.0
 11
3.8822856765378044
 21
-14.488887394336027
 31
12.0
 12
7.500000000000002
 22
-12.990381056766578
 32
12.0
 13
0.0
 23
0.0
 33
12.0
  0
3DFACE
  5
264
330
17
100
AcDbEntity
  8
RODAMIENTO
100
AcDbFace
 10
7.500000000000002
 20
-12.990381056766578
 30
5.0
 11
10.60660171779821
 21
-10.606601717798215
 31
5.0
 12
10.60660171779821
 22
-10.606601717798215
 32
12.0
 13
7.500000000000002
 23
-12.990381056766578
 33
12.0
  0
3DFACE
  5
265
330
17
100
AcDbEntity
  8
RODAMIENTO
100
AcDbFace
 10
0.0
 20
0.0
 30
5.0
 11
7.500000000000002
 21
-12.990381056766578
 31
5.0
 12
10.60660171779821
 22
-10.606601717798215
 32
5.0
 13
0.0
 23
0.0
 33
5.0
  0
3DFACE
  5
266
330
17
100
AcDbEntity
  8
RODAMIENTO
100
AcDbFace
 10
0.0
 20
0.0
 30
12.0
 11
7.500000000000002
 21
-12.990381056766578
 31
12.0
 12
10.60660171779821
 22
-10.606601717798215
 32
12.0
 13
0.0
 23
0.0
 33
12.0
  0
3DFACE
  5
267
330
17
100
AcDbEntity
  8
RODAMIENTO
100
AcDbFace
 10
10.60660171779821
 20
-10.606601717798215
 30
5.0
 11
12.990381056766577
 21
-7.500000000000007
 31
5.0
 12
12.990381056766577
 22
-7.500000000000007
 32
12.0
 13
10.60660171779821
 23
-10.606601717798215
 33
12.0
  0
3DFACE
  5
268
330
17
100
AcDbEntity
  8
RODAMIENTO
100
AcDbFace
 10
0.0
 20
0.0
 30
5.0
 11
10.60660171779821
 21
-10.606601717798215
 31
5.0
 12
12.990381056766577
 22
-7.500000000000007
 32
5.0
 13
0.0
 23
0.0
 33
5.0
  0
3DFACE
  5
269
330
17
100
AcDbEntity
  8
RODAMIENTO
100
AcDbFace
 10
0.0
 20
0.0
 30
12.0
 11
10.60660171779821
 21
-10.606601717798215
 31
12.0
 12
12.990381056766577
 22
-7.500000000000007
 32
12.0
 13
0.0
 23
0.0
 33
12.0
  0
3DFACE
  5
26A
330
17
100
AcDbEntity
  8
RODAMIENTO
100
AcDbFace
 10
12.990381056766577
 20
-7.500000000000007
 30
5.0
 11
14.488887394336022
 21
-3.8822856765378235
 31
5.0
 12
14.488887394336022
 22
-3.8822856765378235
 32
12.0
 13
12.990381056766577
 23
-7.500000000000007
 33
12.0
  0
3DFACE
  5
26B
330
17
100
AcDbEntity
  8
RODAMIENTO
100
AcDbFace
 10
0.0
 20
0.0
 30
5.0
 11
12.990381056766577
 21
-7.500000000000007
 31
5.0
 12
14.488887394336022
 22
-3.8822856765378235
 32
5.0
 13
0.0
 23
0.0
 33
5.0
  0
3DFACE
  5
26C
330
17
100
AcDbEntity
  8
RODAMIENTO
100
AcDbFace
 10
0.0
 20
0.0
 30
12.0
 11
12.990381056766577
 21
-7.500000000000007
 31
12.0
 12
14.488887394336022
 22
-3.8822856765378235
 32
12.0
 13
0.0
 23
0.0
 33
12.0
  0
3DFACE
  5
26D
330
17
100
AcDbEntity
  8
RODAMIENTO
100
AcDbFace
 10
14.488887394336022
 20
-3.8822856765378235
 30
5.0
 11
15.0
 21
0.0
 31
5.0
 12
15.0
 22
0.0
 32
12.0
 13
14.488887394336022
 23
-3.8822856765378235
 33
12.0
  0
3DFACE
  5
26E
330
17
100
AcDbEntity
  8
RODAMIENTO
100
AcDbFace
 10
0.0
 20
0.0
 30
5.0
 11
14.488887394336022
 21
-3.8822856765378235
 31
5.0
 12
15.0
 22
0.0
 32
5.0
 13
0.0
 23
0.0
 33
5.0
  0
3DFACE
  5
26F
330
17
100
AcDbEntity
  8
RODAMIENTO
100
AcDbFace
 10
0.0
 20
0.0
 30
12.0
 11
14.488887394336022
 21
-3.8822856765378235
 31
12.0
 12
15.0
 22
0.0
 32
12.0
 13
0.0
 23
0.0
 33
12.0
  0
3DFACE
  5
270
330
17
100
AcDbEntity
  8
PLATAFORMA
100
AcDbFace
 10
-80.0
 20
-60.0
 30
13.0
 11
80.0
 21
-60.0
 31
13.0
 12
80.0
 22
60.0
 32
13.0
 13
-80.0
 23
60.0
 33
13.0
  0
3DFACE
  5
271
330
17
100
AcDbEntity
  8
PLATAFORMA
100
AcDbFace
 10
-80.0
 20
-60.0
 30
16.0
 11
80.0
 21
-60.0
 31
16.0
 12
80.0
 22
60.0
 32
16.0
 13
-80.0
 23
60.0
 33
16.0
  0
3DFACE
  5
272
330
17
100
AcDbEntity
  8
PLATAFORMA
100
AcDbFace
 10
-80.0
 20
-60.0
 30
13.0
 11
80.0
 21
-60.0
 31
13.0
 12
80.0
 22
-60.0
 32
16.0
 13
-80.0
 23
-60.0
 33
16.0
  0
3DFACE
  5
273
330
17
100
AcDbEntity
  8
PLATAFORMA
100
AcDbFace
 10
80.0
 20
60.0
 30
13.0
 11
-80.0
 21
60.0
 31
13.0
 12
-80.0
 22
60.0
 32
16.0
 13
80.0
 23
60.0
 33
16.0
  0
3DFACE
  5
274
330
17
100
AcDbEntity
  8
PLATAFORMA
100
AcDbFace
 10
-80.0
 20
-60.0
 30
13.0
 11
-80.0
 21
60.0
 31
13.0
 12
-80.0
 22
60.0
 32
16.0
 13
-80.0
 23
-60.0
 33
16.0
  0
3DFACE
  5
275
330
17
100
AcDbEntity
  8
PLATAFORMA
100
AcDbFace
 10
80.0
 20
-60.0
 30
13.0
 11
80.0
 21
60.0
 31
13.0
 12
80.0
 22
60.0
 32
16.0
 13
80.0
 23
-60.0
 33
16.0
  0
3DFACE
  5
276
330
17
100
AcDbEntity
  8
PLATAFORMA
100
AcDbFace
 10
8.0
 20
0.0
 30
13.0
 11
7.391036260090294
 21
3.0614674589207183
 31
13.0
 12
7.391036260090294
 22
3.0614674589207183
 32
16.0
 13
8.0
 23
0.0
 33
16.0
  0
3DFACE
  5
277
330
17
100
AcDbEntity
  8
PLATAFORMA
100
AcDbFace
 10
0.0
 20
0.0
 30
13.0
 11
8.0
 21
0.0
 31
13.0
 12
7.391036260090294
 22
3.0614674589207183
 32
13.0
 13
0.0
 23
0.0
 33
13.0
  0
3DFACE
  5
278
330
17
100
AcDbEntity
  8
PLATAFORMA
100
AcDbFace
 10
0.0
 20
0.0
 30
16.0
 11
8.0
 21
0.0
 31
16.0
 12
7.391036260090294
 22
3.0614674589207183
 32
16.0
 13
0.0
 23
0.0
 33
16.0
  0
3DFACE
  5
279
330
17
100
AcDbEntity
  8
PLATAFORMA
100
AcDbFace
 10
7.391036260090294
 20
3.0614674589207183
 30
13.0
 11
5.656854249492381
 21
5.65685424949238
 31
13.0
 12
5.656854249492381
 22
5.65685424949238
 32
16.0
 13
7.391036260090294
 23
3.0614674589207183
 33
16.0
  0
3DFACE
  5
27A
330
17
100
AcDbEntity
  8
PLATAFORMA
100
AcDbFace
 10
0.0
 20
0.0
 30
13.0
 11
7.391036260090294
 21
3.0614674589207183
 31
13.0
 12
5.656854249492381
 22
5.65685424949238
 32
13.0
 13
0.0
 23
0.0
 33
13.0
  0
3DFACE
  5
27B
330
17
100
AcDbEntity
  8
PLATAFORMA
100
AcDbFace
 10
0.0
 20
0.0
 30
16.0
 11
7.391036260090294
 21
3.0614674589207183
 31
16.0
 12
5.656854249492381
 22
5.65685424949238
 32
16.0
 13
0.0
 23
0.0
 33
16.0
  0
3DFACE
  5
27C
330
17
100
AcDbEntity
  8
PLATAFORMA
100
AcDbFace
 10
5.656854249492381
 20
5.65685424949238
 30
13.0
 11
3.0614674589207187
 21
7.391036260090294
 31
13.0
 12
3.0614674589207187
 22
7.391036260090294
 32
16.0
 13
5.656854249492381
 23
5.65685424949238
 33
16.0
  0
3DFACE
  5
27D
330
17
100
AcDbEntity
  8
PLATAFORMA
100
AcDbFace
 10
0.0
 20
0.0
 30
13.0
 11
5.656854249492381
 21
5.65685424949238
 31
13.0
 12
3.0614674589207187
 22
7.391036260090294
 32
13.0
 13
0.0
 23
0.0
 33
13.0
  0
3DFACE
  5
27E
330
17
100
AcDbEntity
  8
PLATAFORMA
100
AcDbFace
 10
0.0
 20
0.0
 30
16.0
 11
5.656854249492381
 21
5.65685424949238
 31
16.0
 12
3.0614674589207187
 22
7.391036260090294
 32
16.0
 13
0.0
 23
0.0
 33
16.0
  0
3DFACE
  5
27F
330
17
100
AcDbEntity
  8
PLATAFORMA
100
AcDbFace
 10
3.0614674589207187
 20
7.391036260090294
 30
13.0
 11
4.898587196589413e-16
 21
8.0
 31
13.0
 12
4.898587196589413e-16
 22
8.0
 32
16.0
 13
3.0614674589207187
 23
7.391036260090294
 33
16.0
  0
3DFACE
  5
280
330
17
100
AcDbEntity
  8
PLATAFORMA
100
AcDbFace
 10
0.0
 20
0.0
 30
13.0
 11
3.0614674589207187
 21
7.391036260090294
 31
13.0
 12
4.898587196589413e-16
 22
8.0
 32
13.0
 13
0.0
 23
0.0
 33
13.0
  0
3DFACE
  5
281
330
17
100
AcDbEntity
  8
PLATAFORMA
100
AcDbFace
 10
0.0
 20
0.0
 30
16.0
 11
3.0614674589207187
 21
7.391036260090294
 31
16.0
 12
4.898587196589413e-16
 22
8.0
 32
16.0
 13
0.0
 23
0.0
 33
16.0
  0
3DFACE
  5
282
330
17
100
AcDbEntity
  8
PLATAFORMA
100
AcDbFace
 10
4.898587196589413e-16
 20
8.0
 30
13.0
 11
-3.061467458920718
 21
7.391036260090294
 31
13.0
 12
-3.061467458920718
 22
7.391036260090294
 32
16.0
 13
4.898587196589413e-16
 23
8.0
 33
16.0
  0
3DFACE
  5
283
330
17
100
AcDbEntity
  8
PLATAFORMA
100
AcDbFace
 10
0.0
 20
0.0
 30
13.0
 11
4.898587196589413e-16
 21
8.0
 31
13.0
 12
-3.061467458920718
 22
7.391036260090294
 32
13.0
 13
0.0
 23
0.0
 33
13.0
  0
3DFACE
  5
284
330
17
100
AcDbEntity
  8
PLATAFORMA
100
AcDbFace
 10
0.0
 20
0.0
 30
16.0
 11
4.898587196589413e-16
 21
8.0
 31
16.0
 12
-3.061467458920718
 22
7.391036260090294
 32
16.0
 13
0.0
 23
0.0
 33
16.0
  0
3DFACE
  5
285
330
17
100
AcDbEntity
  8
PLATAFORMA
100
AcDbFace
 10
-3.061467458920718
 20
7.391036260090294
 30
13.0
 11
-5.65685424949238
 21
5.656854249492381
 31
13.0
 12
-5.65685424949238
 22
5.656854249492381
 32
16.0
 13
-3.061467458920718
 23
7.391036260090294
 33
16.0
  0
3DFACE
  5
286
330
17
100
AcDbEntity
  8
PLATAFORMA
100
AcDbFace
 10
0.0
 20
0.0
 30
13.0
 11
-3.061467458920718
 21
7.391036260090294
 31
13.0
 12
-5.65685424949238
 22
5.656854249492381
 32
13.0
 13
0.0
 23
0.0
 33
13.0
  0
3DFACE
  5
287
330
17
100
AcDbEntity
  8
PLATAFORMA
100
AcDbFace
 10
0.0
 20
0.0
 30
16.0
 11
-3.061467458920718
 21
7.391036260090294
 31
16.0
 12
-5.65685424949238
 22
5.656854249492381
 32
16.0
 13
0.0
 23
0.0
 33
16.0
  0
3DFACE
  5
288
330
17
100
AcDbEntity
  8
PLATAFORMA
100
AcDbFace
 10
-5.65685424949238
 20
5.656854249492381
 30
13.0
 11
-7.391036260090294
 21
3.061467458920719
 31
13.0
 12
-7.391036260090294
 22
3.061467458920719
 32
16.0
 13
-5.65685424949238
 23
5.656854249492381
 33
16.0
  0
3DFACE
  5
289
330
17
100
AcDbEntity
  8
PLATAFORMA
100
AcDbFace
 10
0.0
 20
0.0
 30
13.0
 11
-5.65685424949238
 21
5.656854249492381
 31
13.0
 12
-7.391036260090294
 22
3.061467458920719
 32
13.0
 13
0.0
 23
0.0
 33
13.0
  0
3DFACE
  5
28A
330
17
100
AcDbEntity
  8
PLATAFORMA
100
AcDbFace
 10
0.0
 20
0.0
 30
16.0
 11
-5.65685424949238
 21
5.656854249492381
 31
16.0
 12
-7.391036260090294
 22
3.061467458920719
 32
16.0
 13
0.0
 23
0.0
 33
16.0
  0
3DFACE
  5
28B
330
17
100
AcDbEntity
  8
PLATAFORMA
100
AcDbFace
 10
-7.391036260090294
 20
3.061467458920719
 30
13.0
 11
-8.0
 21
9.797174393178826e-16
 31
13.0
 12
-8.0
 22
9.797174393178826e-16
 32
16.0
 13
-7.391036260090294
 23
3.061467458920719
 33
16.0
  0
3DFACE
  5
28C
330
17
100
AcDbEntity
  8
PLATAFORMA
100
AcDbFace
 10
0.0
 20
0.0
 30
13.0
 11
-7.391036260090294
 21
3.061467458920719
 31
13.0
 12
-8.0
 22
9.797174393178826e-16
 32
13.0
 13
0.0
 23
0.0
 33
13.0
  0
3DFACE
  5
28D
330
17
100
AcDbEntity
  8
PLATAFORMA
100
AcDbFace
 10
0.0
 20
0.0
 30
16.0
 11
-7.391036260090294
 21
3.061467458920719
 31
16.0
 12
-8.0
 22
9.797174393178826e-16
 32
16.0
 13
0.0
 23
0.0
 33
16.0
  0
3DFACE
  5
28E
330
17
100
AcDbEntity
  8
PLATAFORMA
100
AcDbFace
 10
-8.0
 20
9.797174393178826e-16
 30
13.0
 11
-7.391036260090295
 21
-3.0614674589207174
 31
13.0
 12
-7.391036260090295
 22
-3.0614674589207174
 32
16.0
 13
-8.0
 23
9.797174393178826e-16
 33
16.0
  0
3DFACE
  5
28F
330
17
100
AcDbEntity
  8
PLATAFORMA
100
AcDbFace
 10
0.0
 20
0.0
 30
13.0
 11
-8.0
 21
9.797174393178826e-16
 31
13.0
 12
-7.391036260090295
 22
-3.0614674589207174
 32
13.0
 13
0.0
 23
0.0
 33
13.0
  0
3DFACE
  5
290
330
17
100
AcDbEntity
  8
PLATAFORMA
100
AcDbFace
 10
0.0
 20
0.0
 30
16.0
 11
-8.0
 21
9.797174393178826e-16
 31
16.0
 12
-7.391036260090295
 22
-3.0614674589207174
 32
16.0
 13
0.0
 23
0.0
 33
16.0
  0
3DFACE
  5
291
330
17
100
AcDbEntity
  8
PLATAFORMA
100
AcDbFace
 10
-7.391036260090295
 20
-3.0614674589207174
 30
13.0
 11
-5.6568542494923815
 21
-5.65685424949238
 31
13.0
 12
-5.6568542494923815
 22
-5.65685424949238
 32
16.0
 13
-7.391036260090295
 23
-3.0614674589207174
 33
16.0
  0
3DFACE
  5
292
330
17
100
AcDbEntity
  8
PLATAFORMA
100
AcDbFace
 10
0.0
 20
0.0
 30
13.0
 11
-7.391036260090295
 21
-3.0614674589207174
 31
13.0
 12
-5.6568542494923815
 22
-5.65685424949238
 32
13.0
 13
0.0
 23
0.0
 33
13.0
  0
3DFACE
  5
293
330
17
100
AcDbEntity
  8
PLATAFORMA
100
AcDbFace
 10
0.0
 20
0.0
 30
16.0
 11
-7.391036260090295
 21
-3.0614674589207174
 31
16.0
 12
-5.6568542494923815
 22
-5.65685424949238
 32
16.0
 13
0.0
 23
0.0
 33
16.0
  0
3DFACE
  5
294
330
17
100
AcDbEntity
  8
PLATAFORMA
100
AcDbFace
 10
-5.6568542494923815
 20
-5.65685424949238
 30
13.0
 11
-3.0614674589207227
 21
-7.391036260090292
 31
13.0
 12
-3.0614674589207227
 22
-7.391036260090292
 32
16.0
 13
-5.6568542494923815
 23
-5.65685424949238
 33
16.0
  0
3DFACE
  5
295
330
17
100
AcDbEntity
  8
PLATAFORMA
100
AcDbFace
 10
0.0
 20
0.0
 30
13.0
 11
-5.6568542494923815
 21
-5.65685424949238
 31
13.0
 12
-3.0614674589207227
 22
-7.391036260090292
 32
13.0
 13
0.0
 23
0.0
 33
13.0
  0
3DFACE
  5
296
330
17
100
AcDbEntity
  8
PLATAFORMA
100
AcDbFace
 10
0.0
 20
0.0
 30
16.0
 11
-5.6568542494923815
 21
-5.65685424949238
 31
16.0
 12
-3.0614674589207227
 22
-7.391036260090292
 32
16.0
 13
0.0
 23
0.0
 33
16.0
  0
3DFACE
  5
297
330
17
100
AcDbEntity
  8
PLATAFORMA
100
AcDbFace
 10
-3.0614674589207227
 20
-7.391036260090292
 30
13.0
 11
-1.4695761589768238e-15
 21
-8.0
 31
13.0
 12
-1.4695761589768238e-15
 22
-8.0
 32
16.0
 13
-3.0614674589207227
 23
-7.391036260090292
 33
16.0
  0
3DFACE
  5
298
330
17
100
AcDbEntity
  8
PLATAFORMA
100
AcDbFace
 10
0.0
 20
0.0
 30
13.0
 11
-3.0614674589207227
 21
-7.391036260090292
 31
13.0
 12
-1.4695761589768238e-15
 22
-8.0
 32
13.0
 13
0.0
 23
0.0
 33
13.0
  0
3DFACE
  5
299
330
17
100
AcDbEntity
  8
PLATAFORMA
100
AcDbFace
 10
0.0
 20
0.0
 30
16.0
 11
-3.0614674589207227
 21
-7.391036260090292
 31
16.0
 12
-1.4695761589768238e-15
 22
-8.0
 32
16.0
 13
0.0
 23
0.0
 33
16.0
  0
3DFACE
  5
29A
330
17
100
AcDbEntity
  8
PLATAFORMA
100
AcDbFace
 10
-1.4695761589768238e-15
 20
-8.0
 30
13.0
 11
3.06146745892072
 21
-7.391036260090293
 31
13.0
 12
3.06146745892072
 22
-7.391036260090293
 32
16.0
 13
-1.4695761589768238e-15
 23
-8.0
 33
16.0
  0
3DFACE
  5
29B
330
17
100
AcDbEntity
  8
PLATAFORMA
100
AcDbFace
 10
0.0
 20
0.0
 30
13.0
 11
-1.4695761589768238e-15
 21
-8.0
 31
13.0
 12
3.06146745892072
 22
-7.391036260090293
 32
13.0
 13
0.0
 23
0.0
 33
13.0
  0
3DFACE
  5
29C
330
17
100
AcDbEntity
  8
PLATAFORMA
100
AcDbFace
 10
0.0
 20
0.0
 30
16.0
 11
-1.4695761589768238e-15
 21
-8.0
 31
16.0
 12
3.06146745892072
 22
-7.391036260090293
 32
16.0
 13
0.0
 23
0.0
 33
16.0
  0
3DFACE
  5
29D
330
17
100
AcDbEntity
  8
PLATAFORMA
100
AcDbFace
 10
3.06146745892072
 20
-7.391036260090293
 30
13.0
 11
5.656854249492379
 21
-5.6568542494923815
 31
13.0
 12
5.656854249492379
 22
-5.6568542494923815
 32
16.0
 13
3.06146745892072
 23
-7.391036260090293
 33
16.0
  0
3DFACE
  5
29E
330
17
100
AcDbEntity
  8
PLATAFORMA
100
AcDbFace
 10
0.0
 20
0.0
 30
13.0
 11
3.06146745892072
 21
-7.391036260090293
 31
13.0
 12
5.656854249492379
 22
-5.6568542494923815
 32
13.0
 13
0.0
 23
0.0
 33
13.0
  0
3DFACE
  5
29F
330
17
100
AcDbEntity
  8
PLATAFORMA
100
AcDbFace
 10
0.0
 20
0.0
 30
16.0
 11
3.06146745892072
 21
-7.391036260090293
 31
16.0
 12
5.656854249492379
 22
-5.6568542494923815
 32
16.0
 13
0.0
 23
0.0
 33
16.0
  0
3DFACE
  5
2A0
330
17
100
AcDbEntity
  8
PLATAFORMA
100
AcDbFace
 10
5.656854249492379
 20
-5.6568542494923815
 30
13.0
 11
7.391036260090292
 21
-3.061467458920723
 31
13.0
 12
7.391036260090292
 22
-3.061467458920723
 32
16.0
 13
5.656854249492379
 23
-5.6568542494923815
 33
16.0
  0
3DFACE
  5
2A1
330
17
100
AcDbEntity
  8
PLATAFORMA
100
AcDbFace
 10
0.0
 20
0.0
 30
13.0
 11
5.656854249492379
 21
-5.6568542494923815
 31
13.0
 12
7.391036260090292
 22
-3.061467458920723
 32
13.0
 13
0.0
 23
0.0
 33
13.0
  0
3DFACE
  5
2A2
330
17
100
AcDbEntity
  8
PLATAFORMA
100
AcDbFace
 10
0.0
 20
0.0
 30
16.0
 11
5.656854249492379
 21
-5.6568542494923815
 31
16.0
 12
7.391036260090292
 22
-3.061467458920723
 32
16.0
 13
0.0
 23
0.0
 33
16.0
  0
3DFACE
  5
2A3
330
17
100
AcDbEntity
  8
PLATAFORMA
100
AcDbFace
 10
7.391036260090292
 20
-3.061467458920723
 30
13.0
 11
8.0
 21
0.0
 31
13.0
 12
8.0
 22
0.0
 32
16.0
 13
7.391036260090292
 23
-3.061467458920723
 33
16.0
  0
3DFACE
  5
2A4
330
17
100
AcDbEntity
  8
PLATAFORMA
100
AcDbFace
 10
0.0
 20
0.0
 30
13.0
 11
7.391036260090292
 21
-3.061467458920723
 31
13.0
 12
8.0
 22
0.0
 32
13.0
 13
0.0
 23
0.0
 33
13.0
  0
3DFACE
  5
2A5
330
17
100
AcDbEntity
  8
PLATAFORMA
100
AcDbFace
 10
0.0
 20
0.0
 30
16.0
 11
7.391036260090292
 21
-3.061467458920723
 31
16.0
 12
8.0
 22
0.0
 32
16.0
 13
0.0
 23
0.0
 33
16.0
  0
3DFACE
  5
2A6
330
17
100
AcDbEntity
  8
SOPORTE_U
100
AcDbFace
 10
-60.0
 20
-15.0
 30
16.0
 11
-54.0
 21
-15.0
 31
16.0
 12
-54.0
 22
15.0
 32
16.0
 13
-60.0
 23
15.0
 33
16.0
  0
3DFACE
  5
2A7
330
17
100
AcDbEntity
  8
SOPORTE_U
100
AcDbFace
 10
-60.0
 20
-15.0
 30
96.0
 11
-54.0
 21
-15.0
 31
96.0
 12
-54.0
 22
15.0
 32
96.0
 13
-60.0
 23
15.0
 33
96.0
  0
3DFACE
  5
2A8
330
17
100
AcDbEntity
  8
SOPORTE_U
100
AcDbFace
 10
-60.0
 20
-15.0
 30
16.0
 11
-54.0
 21
-15.0
 31
16.0
 12
-54.0
 22
-15.0
 32
96.0
 13
-60.0
 23
-15.0
 33
96.0
  0
3DFACE
  5
2A9
330
17
100
AcDbEntity
  8
SOPORTE_U
100
AcDbFace
 10
-54.0
 20
15.0
 30
16.0
 11
-60.0
 21
15.0
 31
16.0
 12
-60.0
 22
15.0
 32
96.0
 13
-54.0
 23
15.0
 33
96.0
  0
3DFACE
  5
2AA
330
17
100
AcDbEntity
  8
SOPORTE_U
100
AcDbFace
 10
-60.0
 20
-15.0
 30
16.0
 11
-60.0
 21
15.0
 31
16.0
 12
-60.0
 22
15.0
 32
96.0
 13
-60.0
 23
-15.0
 33
96.0
  0
3DFACE
  5
2AB
330
17
100
AcDbEntity
  8
SOPORTE_U
100
AcDbFace
 10
-54.0
 20
-15.0
 30
16.0
 11
-54.0
 21
15.0
 31
16.0
 12
-54.0
 22
15.0
 32
96.0
 13
-54.0
 23
-15.0
 33
96.0
  0
3DFACE
  5
2AC
330
17
100
AcDbEntity
  8
SOPORTE_U
100
AcDbFace
 10
54.0
 20
-15.0
 30
16.0
 11
60.0
 21
-15.0
 31
16.0
 12
60.0
 22
15.0
 32
16.0
 13
54.0
 23
15.0
 33
16.0
  0
3DFACE
  5
2AD
330
17
100
AcDbEntity
  8
SOPORTE_U
100
AcDbFace
 10
54.0
 20
-15.0
 30
96.0
 11
60.0
 21
-15.0
 31
96.0
 12
60.0
 22
15.0
 32
96.0
 13
54.0
 23
15.0
 33
96.0
  0
3DFACE
  5
2AE
330
17
100
AcDbEntity
  8
SOPORTE_U
100
AcDbFace
 10
54.0
 20
-15.0
 30
16.0
 11
60.0
 21
-15.0
 31
16.0
 12
60.0
 22
-15.0
 32
96.0
 13
54.0
 23
-15.0
 33
96.0
  0
3DFACE
  5
2AF
330
17
100
AcDbEntity
  8
SOPORTE_U
100
AcDbFace
 10
60.0
 20
15.0
 30
16.0
 11
54.0
 21
15.0
 31
16.0
 12
54.0
 22
15.0
 32
96.0
 13
60.0
 23
15.0
 33
96.0
  0
3DFACE
  5
2B0
330
17
100
AcDbEntity
  8
SOPORTE_U
100
AcDbFace
 10
54.0
 20
-15.0
 30
16.0
 11
54.0
 21
15.0
 31
16.0
 12
54.0
 22
15.0
 32
96.0
 13
54.0
 23
-15.0
 33
96.0
  0
3DFACE
  5
2B1
330
17
100
AcDbEntity
  8
SOPORTE_U
100
AcDbFace
 10
60.0
 20
-15.0
 30
16.0
 11
60.0
 21
15.0
 31
16.0
 12
60.0
 22
15.0
 32
96.0
 13
60.0
 23
-15.0
 33
96.0
  0
3DFACE
  5
2B2
330
17
100
AcDbEntity
  8
SOPORTE_U
100
AcDbFace
 10
-60.0
 20
-15.0
 30
16.0
 11
60.0
 21
-15.0
 31
16.0
 12
60.0
 22
15.0
 32
16.0
 13
-60.0
 23
15.0
 33
16.0
  0
3DFACE
  5
2B3
330
17
100
AcDbEntity
  8
SOPORTE_U
100
AcDbFace
 10
-60.0
 20
-15.0
 30
20.0
 11
60.0
 21
-15.0
 31
20.0
 12
60.0
 22
15.0
 32
20.0
 13
-60.0
 23
15.0
 33
20.0
  0
3DFACE
  5
2B4
330
17
100
AcDbEntity
  8
SOPORTE_U
100
AcDbFace
 10
-60.0
 20
-15.0
 30
16.0
 11
60.0
 21
-15.0
 31
16.0
 12
60.0
 22
-15.0
 32
20.0
 13
-60.0
 23
-15.0
 33
20.0
  0
3DFACE
  5
2B5
330
17
100
AcDbEntity
  8
SOPORTE_U
100
AcDbFace
 10
60.0
 20
15.0
 30
16.0
 11
-60.0
 21
15.0
 31
16.0
 12
-60.0
 22
15.0
 32
20.0
 13
60.0
 23
15.0
 33
20.0
  0
3DFACE
  5
2B6
330
17
100
AcDbEntity
  8
SOPORTE_U
100
AcDbFace
 10
-60.0
 20
-15.0
 30
16.0
 11
-60.0
 21
15.0
 31
16.0
 12
-60.0
 22
15.0
 32
20.0
 13
-60.0
 23
-15.0
 33
20.0
  0
3DFACE
  5
2B7
330
17
100
AcDbEntity
  8
SOPORTE_U
100
AcDbFace
 10
60.0
 20
-15.0
 30
16.0
 11
60.0
 21
15.0
 31
16.0
 12
60.0
 22
15.0
 32
20.0
 13
60.0
 23
-15.0
 33
20.0
  0
3DFACE
  5
2B8
330
17
100
AcDbEntity
  8
SERVO
100
AcDbFace
 10
60.0
 20
-10.0
 30
58.0
 11
100.0
 21
-10.0
 31
58.0
 12
100.0
 22
10.0
 32
58.0
 13
60.0
 23
10.0
 33
58.0
  0
3DFACE
  5
2B9
330
17
100
AcDbEntity
  8
SERVO
100
AcDbFace
 10
60.0
 20
-10.0
 30
94.0
 11
100.0
 21
-10.0
 31
94.0
 12
100.0
 22
10.0
 32
94.0
 13
60.0
 23
10.0
 33
94.0
  0
3DFACE
  5
2BA
330
17
100
AcDbEntity
  8
SERVO
100
AcDbFace
 10
60.0
 20
-10.0
 30
58.0
 11
100.0
 21
-10.0
 31
58.0
 12
100.0
 22
-10.0
 32
94.0
 13
60.0
 23
-10.0
 33
94.0
  0
3DFACE
  5
2BB
330
17
100
AcDbEntity
  8
SERVO
100
AcDbFace
 10
100.0
 20
10.0
 30
58.0
 11
60.0
 21
10.0
 31
58.0
 12
60.0
 22
10.0
 32
94.0
 13
100.0
 23
10.0
 33
94.0
  0
3DFACE
  5
2BC
330
17
100
AcDbEntity
  8
SERVO
100
AcDbFace
 10
60.0
 20
-10.0
 30
58.0
 11
60.0
 21
10.0
 31
58.0
 12
60.0
 22
10.0
 32
94.0
 13
60.0
 23
-10.0
 33
94.0
  0
3DFACE
  5
2BD
330
17
100
AcDbEntity
  8
SERVO
100
AcDbFace
 10
100.0
 20
-10.0
 30
58.0
 11
100.0
 21
10.0
 31
58.0
 12
100.0
 22
10.0
 32
94.0
 13
100.0
 23
-10.0
 33
94.0
  0
3DFACE
  5
2BE
330
17
100
AcDbEntity
  8
SERVO
100
AcDbFace
 10
58.0
 20
-12.0
 30
70.0
 11
102.0
 21
-12.0
 31
70.0
 12
102.0
 22
12.0
 32
70.0
 13
58.0
 23
12.0
 33
70.0
  0
3DFACE
  5
2BF
330
17
100
AcDbEntity
  8
SERVO
100
AcDbFace
 10
58.0
 20
-12.0
 30
72.5
 11
102.0
 21
-12.0
 31
72.5
 12
102.0
 22
12.0
 32
72.5
 13
58.0
 23
12.0
 33
72.5
  0
3DFACE
  5
2C0
330
17
100
AcDbEntity
  8
SERVO
100
AcDbFace
 10
58.0
 20
-12.0
 30
70.0
 11
102.0
 21
-12.0
 31
70.0
 12
102.0
 22
-12.0
 32
72.5
 13
58.0
 23
-12.0
 33
72.5
  0
3DFACE
  5
2C1
330
17
100
AcDbEntity
  8
SERVO
100
AcDbFace
 10
102.0
 20
12.0
 30
70.0
 11
58.0
 21
12.0
 31
70.0
 12
58.0
 22
12.0
 32
72.5
 13
102.0
 23
12.0
 33
72.5
  0
3DFACE
  5
2C2
330
17
100
AcDbEntity
  8
SERVO
100
AcDbFace
 10
58.0
 20
-12.0
 30
70.0
 11
58.0
 21
12.0
 31
70.0
 12
58.0
 22
12.0
 32
72.5
 13
58.0
 23
-12.0
 33
72.5
  0
3DFACE
  5
2C3
330
17
100
AcDbEntity
  8
SERVO
100
AcDbFace
 10
102.0
 20
-12.0
 30
70.0
 11
102.0
 21
12.0
 31
70.0
 12
102.0
 22
12.0
 32
72.5
 13
102.0
 23
-12.0
 33
72.5
  0
3DFACE
  5
2C4
330
17
100
AcDbEntity
  8
SERVO
100
AcDbFace
 10
60.0
 20
0.0
 30
73.0
 11
59.77163859753386
 21
1.1480502970952693
 31
73.0
 12
59.77163859753386
 22
1.1480502970952693
 32
79.0
 13
60.0
 23
0.0
 33
79.0
  0
3DFACE
  5
2C5
330
17
100
AcDbEntity
  8
SERVO
100
AcDbFace
 10
57.0
 20
0.0
 30
73.0
 11
60.0
 21
0.0
 31
73.0
 12
59.77163859753386
 22
1.1480502970952693
 32
73.0
 13
57.0
 23
0.0
 33
73.0
  0
3DFACE
  5
2C6
330
17
100
AcDbEntity
  8
SERVO
100
AcDbFace
 10
57.0
 20
0.0
 30
79.0
 11
60.0
 21
0.0
 31
79.0
 12
59.77163859753386
 22
1.1480502970952693
 32
79.0
 13
57.0
 23
0.0
 33
79.0
  0
3DFACE
  5
2C7
330
17
100
AcDbEntity
  8
SERVO
100
AcDbFace
 10
59.77163859753386
 20
1.1480502970952693
 30
73.0
 11
59.121320343559645
 21
2.1213203435596424
 31
73.0
 12
59.121320343559645
 22
2.1213203435596424
 32
79.0
 13
59.77163859753386
 23
1.1480502970952693
 33
79.0
  0
3DFACE
  5
2C8
330
17
100
AcDbEntity
  8
SERVO
100
AcDbFace
 10
57.0
 20
0.0
 30
73.0
 11
59.77163859753386
 21
1.1480502970952693
 31
73.0
 12
59.121320343559645
 22
2.1213203435596424
 32
73.0
 13
57.0
 23
0.0
 33
73.0
  0
3DFACE
  5
2C9
330
17
100
AcDbEntity
  8
SERVO
100
AcDbFace
 10
57.0
 20
0.0
 30
79.0
 11
59.77163859753386
 21
1.1480502970952693
 31
79.0
 12
59.121320343559645
 22
2.1213203435596424
 32
79.0
 13
57.0
 23
0.0
 33
79.0
  0
3DFACE
  5
2CA
330
17
100
AcDbEntity
  8
SERVO
100
AcDbFace
 10
59.121320343559645
 20
2.1213203435596424
 30
73.0
 11
58.14805029709527
 21
2.77163859753386
 31
73.0
 12
58.14805029709527
 22
2.77163859753386
 32
79.0
 13
59.121320343559645
 23
2.1213203435596424
 33
79.0
  0
3DFACE
  5
2CB
330
17
100
AcDbEntity
  8
SERVO
100
AcDbFace
 10
57.0
 20
0.0
 30
73.0
 11
59.121320343559645
 21
2.1213203435596424
 31
73.0
 12
58.14805029709527
 22
2.77163859753386
 32
73.0
 13
57.0
 23
0.0
 33
73.0
  0
3DFACE
  5
2CC
330
17
100
AcDbEntity
  8
SERVO
100
AcDbFace
 10
57.0
 20
0.0
 30
79.0
 11
59.121320343559645
 21
2.1213203435596424
 31
79.0
 12
58.14805029709527
 22
2.77163859753386
 32
79.0
 13
57.0
 23
0.0
 33
79.0
  0
3DFACE
  5
2CD
330
17
100
AcDbEntity
  8
SERVO
100
AcDbFace
 10
58.14805029709527
 20
2.77163859753386
 30
73.0
 11
57.0
 21
3.0
 31
73.0
 12
57.0
 22
3.0
 32
79.0
 13
58.14805029709527
 23
2.77163859753386
 33
79.0
  0
3DFACE
  5
2CE
330
17
100
AcDbEntity
  8
SERVO
100
AcDbFace
 10
57.0
 20
0.0
 30
73.0
 11
58.14805029709527
 21
2.77163859753386
 31
73.0
 12
57.0
 22
3.0
 32
73.0
 13
57.0
 23
0.0
 33
73.0
  0
3DFACE
  5
2CF
330
17
100
AcDbEntity
  8
SERVO
100
AcDbFace
 10
57.0
 20
0.0
 30
79.0
 11
58.14805029709527
 21
2.77163859753386
 31
79.0
 12
57.0
 22
3.0
 32
79.0
 13
57.0
 23
0.0
 33
79.0
  0
3DFACE
  5
2D0
330
17
100
AcDbEntity
  8
SERVO
100
AcDbFace
 10
57.0
 20
3.0
 30
73.0
 11
55.85194970290473
 21
2.77163859753386
 31
73.0
 12
55.85194970290473
 22
2.77163859753386
 32
79.0
 13
57.0
 23
3.0
 33
79.0
  0
3DFACE
  5
2D1
330
17
100
AcDbEntity
  8
SERVO
100
AcDbFace
 10
57.0
 20
0.0
 30
73.0
 11
57.0
 21
3.0
 31
73.0
 12
55.85194970290473
 22
2.77163859753386
 32
73.0
 13
57.0
 23
0.0
 33
73.0
  0
3DFACE
  5
2D2
330
17
100
AcDbEntity
  8
SERVO
100
AcDbFace
 10
57.0
 20
0.0
 30
79.0
 11
57.0
 21
3.0
 31
79.0
 12
55.85194970290473
 22
2.77163859753386
 32
79.0
 13
57.0
 23
0.0
 33
79.0
  0
3DFACE
  5
2D3
330
17
100
AcDbEntity
  8
SERVO
100
AcDbFace
 10
55.85194970290473
 20
2.77163859753386
 30
73.0
 11
54.878679656440355
 21
2.121320343559643
 31
73.0
 12
54.878679656440355
 22
2.121320343559643
 32
79.0
 13
55.85194970290473
 23
2.77163859753386
 33
79.0
  0
3DFACE
  5
2D4
330
17
100
AcDbEntity
  8
SERVO
100
AcDbFace
 10
57.0
 20
0.0
 30
73.0
 11
55.85194970290473
 21
2.77163859753386
 31
73.0
 12
54.878679656440355
 22
2.121320343559643
 32
73.0
 13
57.0
 23
0.0
 33
73.0
  0
3DFACE
  5
2D5
330
17
100
AcDbEntity
  8
SERVO
100
AcDbFace
 10
57.0
 20
0.0
 30
79.0
 11
55.85194970290473
 21
2.77163859753386
 31
79.0
 12
54.878679656440355
 22
2.121320343559643
 32
79.0
 13
57.0
 23
0.0
 33
79.0
  0
3DFACE
  5
2D6
330
17
100
AcDbEntity
  8
SERVO
100
AcDbFace
 10
54.878679656440355
 20
2.121320343559643
 30
73.0
 11
54.22836140246614
 21
1.1480502970952697
 31
73.0
 12
54.22836140246614
 22
1.1480502970952697
 32
79.0
 13
54.878679656440355
 23
2.121320343559643
 33
79.0
  0
3DFACE
  5
2D7
330
17
100
AcDbEntity
  8
SERVO
100
AcDbFace
 10
57.0
 20
0.0
 30
73.0
 11
54.878679656440355
 21
2.121320343559643
 31
73.0
 12
54.22836140246614
 22
1.1480502970952697
 32
73.0
 13
57.0
 23
0.0
 33
73.0
  0
3DFACE
  5
2D8
330
17
100
AcDbEntity
  8
SERVO
100
AcDbFace
 10
57.0
 20
0.0
 30
79.0
 11
54.878679656440355
 21
2.121320343559643
 31
79.0
 12
54.22836140246614
 22
1.1480502970952697
 32
79.0
 13
57.0
 23
0.0
 33
79.0
  0
3DFACE
  5
2D9
330
17
100
AcDbEntity
  8
SERVO
100
AcDbFace
 10
54.22836140246614
 20
1.1480502970952697
 30
73.0
 11
54.0
 21
3.6739403974420594e-16
 31
73.0
 12
54.0
 22
3.6739403974420594e-16
 32
79.0
 13
54.22836140246614
 23
1.1480502970952697
 33
79.0
  0
3DFACE
  5
2DA
330
17
100
AcDbEntity
  8
SERVO
100
AcDbFace
 10
57.0
 20
0.0
 30
73.0
 11
54.22836140246614
 21
1.1480502970952697
 31
73.0
 12
54.0
 22
3.6739403974420594e-16
 32
73.0
 13
57.0
 23
0.0
 33
73.0
  0
3DFACE
  5
2DB
330
17
100
AcDbEntity
  8
SERVO
100
AcDbFace
 10
57.0
 20
0.0
 30
79.0
 11
54.22836140246614
 21
1.1480502970952697
 31
79.0
 12
54.0
 22
3.6739403974420594e-16
 32
79.0
 13
57.0
 23
0.0
 33
79.0
  0
3DFACE
  5
2DC
330
17
100
AcDbEntity
  8
SERVO
100
AcDbFace
 10
54.0
 20
3.6739403974420594e-16
 30
73.0
 11
54.22836140246614
 21
-1.148050297095269
 31
73.0
 12
54.22836140246614
 22
-1.148050297095269
 32
79.0
 13
54.0
 23
3.6739403974420594e-16
 33
79.0
  0
3DFACE
  5
2DD
330
17
100
AcDbEntity
  8
SERVO
100
AcDbFace
 10
57.0
 20
0.0
 30
73.0
 11
54.0
 21
3.6739403974420594e-16
 31
73.0
 12
54.22836140246614
 22
-1.148050297095269
 32
73.0
 13
57.0
 23
0.0
 33
73.0
  0
3DFACE
  5
2DE
330
17
100
AcDbEntity
  8
SERVO
100
AcDbFace
 10
57.0
 20
0.0
 30
79.0
 11
54.0
 21
3.6739403974420594e-16
 31
79.0
 12
54.22836140246614
 22
-1.148050297095269
 32
79.0
 13
57.0
 23
0.0
 33
79.0
  0
3DFACE
  5
2DF
330
17
100
AcDbEntity
  8
SERVO
100
AcDbFace
 10
54.22836140246614
 20
-1.148050297095269
 30
73.0
 11
54.878679656440355
 21
-2.1213203435596424
 31
73.0
 12
54.878679656440355
 22
-2.1213203435596424
 32
79.0
 13
54.22836140246614
 23
-1.148050297095269
 33
79.0
  0
3DFACE
  5
2E0
330
17
100
AcDbEntity
  8
SERVO
100
AcDbFace
 10
57.0
 20
0.0
 30
73.0
 11
54.22836140246614
 21
-1.148050297095269
 31
73.0
 12
54.878679656440355
 22
-2.1213203435596424
 32
73.0
 13
57.0
 23
0.0
 33
73.0
  0
3DFACE
  5
2E1
330
17
100
AcDbEntity
  8
SERVO
100
AcDbFace
 10
57.0
 20
0.0
 30
79.0
 11
54.22836140246614
 21
-1.148050297095269
 31
79.0
 12
54.878679656440355
 22
-2.1213203435596424
 32
79.0
 13
57.0
 23
0.0
 33
79.0
  0
3DFACE
  5
2E2
330
17
100
AcDbEntity
  8
SERVO
100
AcDbFace
 10
54.878679656440355
 20
-2.1213203435596424
 30
73.0
 11
55.851949702904726
 21
-2.7716385975338595
 31
73.0
 12
55.851949702904726
 22
-2.7716385975338595
 32
79.0
 13
54.878679656440355
 23
-2.1213203435596424
 33
79.0
  0
3DFACE
  5
2E3
330
17
100
AcDbEntity
  8
SERVO
100
AcDbFace
 10
57.0
 20
0.0
 30
73.0
 11
54.878679656440355
 21
-2.1213203435596424
 31
73.0
 12
55.851949702904726
 22
-2.7716385975338595
 32
73.0
 13
57.0
 23
0.0
 33
73.0
  0
3DFACE
  5
2E4
330
17
100
AcDbEntity
  8
SERVO
100
AcDbFace
 10
57.0
 20
0.0
 30
79.0
 11
54.878679656440355
 21
-2.1213203435596424
 31
79.0
 12
55.851949702904726
 22
-2.7716385975338595
 32
79.0
 13
57.0
 23
0.0
 33
79.0
  0
3DFACE
  5
2E5
330
17
100
AcDbEntity
  8
SERVO
100
AcDbFace
 10
55.851949702904726
 20
-2.7716385975338595
 30
73.0
 11
57.0
 21
-3.0
 31
73.0
 12
57.0
 22
-3.0
 32
79.0
 13
55.851949702904726
 23
-2.7716385975338595
 33
79.0
  0
3DFACE
  5
2E6
330
17
100
AcDbEntity
  8
SERVO
100
AcDbFace
 10
57.0
 20
0.0
 30
73.0
 11
55.851949702904726
 21
-2.7716385975338595
 31
73.0
 12
57.0
 22
-3.0
 32
73.0
 13
57.0
 23
0.0
 33
73.0
  0
3DFACE
  5
2E7
330
17
100
AcDbEntity
  8
SERVO
100
AcDbFace
 10
57.0
 20
0.0
 30
79.0
 11
55.851949702904726
 21
-2.7716385975338595
 31
79.0
 12
57.0
 22
-3.0
 32
79.0
 13
57.0
 23
0.0
 33
79.0
  0
3DFACE
  5
2E8
330
17
100
AcDbEntity
  8
SERVO
100
AcDbFace
 10
57.0
 20
-3.0
 30
73.0
 11
58.14805029709527
 21
-2.77163859753386
 31
73.0
 12
58.14805029709527
 22
-2.77163859753386
 32
79.0
 13
57.0
 23
-3.0
 33
79.0
  0
3DFACE
  5
2E9
330
17
100
AcDbEntity
  8
SERVO
100
AcDbFace
 10
57.0
 20
0.0
 30
73.0
 11
57.0
 21
-3.0
 31
73.0
 12
58.14805029709527
 22
-2.77163859753386
 32
73.0
 13
57.0
 23
0.0
 33
73.0
  0
3DFACE
  5
2EA
330
17
100
AcDbEntity
  8
SERVO
100
AcDbFace
 10
57.0
 20
0.0
 30
79.0
 11
57.0
 21
-3.0
 31
79.0
 12
58.14805029709527
 22
-2.77163859753386
 32
79.0
 13
57.0
 23
0.0
 33
79.0
  0
3DFACE
  5
2EB
330
17
100
AcDbEntity
  8
SERVO
100
AcDbFace
 10
58.14805029709527
 20
-2.77163859753386
 30
73.0
 11
59.121320343559645
 21
-2.121320343559643
 31
73.0
 12
59.121320343559645
 22
-2.121320343559643
 32
79.0
 13
58.14805029709527
 23
-2.77163859753386
 33
79.0
  0
3DFACE
  5
2EC
330
17
100
AcDbEntity
  8
SERVO
100
AcDbFace
 10
57.0
 20
0.0
 30
73.0
 11
58.14805029709527
 21
-2.77163859753386
 31
73.0
 12
59.121320343559645
 22
-2.121320343559643
 32
73.0
 13
57.0
 23
0.0
 33
73.0
  0
3DFACE
  5
2ED
330
17
100
AcDbEntity
  8
SERVO
100
AcDbFace
 10
57.0
 20
0.0
 30
79.0
 11
58.14805029709527
 21
-2.77163859753386
 31
79.0
 12
59.121320343559645
 22
-2.121320343559643
 32
79.0
 13
57.0
 23
0.0
 33
79.0
  0
3DFACE
  5
2EE
330
17
100
AcDbEntity
  8
SERVO
100
AcDbFace
 10
59.121320343559645
 20
-2.121320343559643
 30
73.0
 11
59.77163859753386
 21
-1.148050297095271
 31
73.0
 12
59.77163859753386
 22
-1.148050297095271
 32
79.0
 13
59.121320343559645
 23
-2.121320343559643
 33
79.0
  0
3DFACE
  5
2EF
330
17
100
AcDbEntity
  8
SERVO
100
AcDbFace
 10
57.0
 20
0.0
 30
73.0
 11
59.121320343559645
 21
-2.121320343559643
 31
73.0
 12
59.77163859753386
 22
-1.148050297095271
 32
73.0
 13
57.0
 23
0.0
 33
73.0
  0
3DFACE
  5
2F0
330
17
100
AcDbEntity
  8
SERVO
100
AcDbFace
 10
57.0
 20
0.0
 30
79.0
 11
59.121320343559645
 21
-2.121320343559643
 31
79.0
 12
59.77163859753386
 22
-1.148050297095271
 32
79.0
 13
57.0
 23
0.0
 33
79.0
  0
3DFACE
  5
2F1
330
17
100
AcDbEntity
  8
SERVO
100
AcDbFace
 10
59.77163859753386
 20
-1.148050297095271
 30
73.0
 11
60.0
 21
0.0
 31
73.0
 12
60.0
 22
0.0
 32
79.0
 13
59.77163859753386
 23
-1.148050297095271
 33
79.0
  0
3DFACE
  5
2F2
330
17
100
AcDbEntity
  8
SERVO
100
AcDbFace
 10
57.0
 20
0.0
 30
73.0
 11
59.77163859753386
 21
-1.148050297095271
 31
73.0
 12
60.0
 22
0.0
 32
73.0
 13
57.0
 23
0.0
 33
73.0
  0
3DFACE
  5
2F3
330
17
100
AcDbEntity
  8
SERVO
100
AcDbFace
 10
57.0
 20
0.0
 30
79.0
 11
59.77163859753386
 21
-1.148050297095271
 31
79.0
 12
60.0
 22
0.0
 32
79.0
 13
57.0
 23
0.0
 33
79.0
  0
3DFACE
  5
2F4
330
17
100
AcDbEntity
  8
EJE_TILT
100
AcDbFace
 10
-54.0
 20
0.0
 30
73.0
 11
-54.22836140246614
 21
1.1480502970952693
 31
73.0
 12
-54.22836140246614
 22
1.1480502970952693
 32
79.0
 13
-54.0
 23
0.0
 33
79.0
  0
3DFACE
  5
2F5
330
17
100
AcDbEntity
  8
EJE_TILT
100
AcDbFace
 10
-57.0
 20
0.0
 30
73.0
 11
-54.0
 21
0.0
 31
73.0
 12
-54.22836140246614
 22
1.1480502970952693
 32
73.0
 13
-57.0
 23
0.0
 33
73.0
  0
3DFACE
  5
2F6
330
17
100
AcDbEntity
  8
EJE_TILT
100
AcDbFace
 10
-57.0
 20
0.0
 30
79.0
 11
-54.0
 21
0.0
 31
79.0
 12
-54.22836140246614
 22
1.1480502970952693
 32
79.0
 13
-57.0
 23
0.0
 33
79.0
  0
3DFACE
  5
2F7
330
17
100
AcDbEntity
  8
EJE_TILT
100
AcDbFace
 10
-54.22836140246614
 20
1.1480502970952693
 30
73.0
 11
-54.878679656440355
 21
2.1213203435596424
 31
73.0
 12
-54.878679656440355
 22
2.1213203435596424
 32
79.0
 13
-54.22836140246614
 23
1.1480502970952693
 33
79.0
  0
3DFACE
  5
2F8
330
17
100
AcDbEntity
  8
EJE_TILT
100
AcDbFace
 10
-57.0
 20
0.0
 30
73.0
 11
-54.22836140246614
 21
1.1480502970952693
 31
73.0
 12
-54.878679656440355
 22
2.1213203435596424
 32
73.0
 13
-57.0
 23
0.0
 33
73.0
  0
3DFACE
  5
2F9
330
17
100
AcDbEntity
  8
EJE_TILT
100
AcDbFace
 10
-57.0
 20
0.0
 30
79.0
 11
-54.22836140246614
 21
1.1480502970952693
 31
79.0
 12
-54.878679656440355
 22
2.1213203435596424
 32
79.0
 13
-57.0
 23
0.0
 33
79.0
  0
3DFACE
  5
2FA
330
17
100
AcDbEntity
  8
EJE_TILT
100
AcDbFace
 10
-54.878679656440355
 20
2.1213203435596424
 30
73.0
 11
-55.85194970290473
 21
2.77163859753386
 31
73.0
 12
-55.85194970290473
 22
2.77163859753386
 32
79.0
 13
-54.878679656440355
 23
2.1213203435596424
 33
79.0
  0
3DFACE
  5
2FB
330
17
100
AcDbEntity
  8
EJE_TILT
100
AcDbFace
 10
-57.0
 20
0.0
 30
73.0
 11
-54.878679656440355
 21
2.1213203435596424
 31
73.0
 12
-55.85194970290473
 22
2.77163859753386
 32
73.0
 13
-57.0
 23
0.0
 33
73.0
  0
3DFACE
  5
2FC
330
17
100
AcDbEntity
  8
EJE_TILT
100
AcDbFace
 10
-57.0
 20
0.0
 30
79.0
 11
-54.878679656440355
 21
2.1213203435596424
 31
79.0
 12
-55.85194970290473
 22
2.77163859753386
 32
79.0
 13
-57.0
 23
0.0
 33
79.0
  0
3DFACE
  5
2FD
330
17
100
AcDbEntity
  8
EJE_TILT
100
AcDbFace
 10
-55.85194970290473
 20
2.77163859753386
 30
73.0
 11
-57.0
 21
3.0
 31
73.0
 12
-57.0
 22
3.0
 32
79.0
 13
-55.85194970290473
 23
2.77163859753386
 33
79.0
  0
3DFACE
  5
2FE
330
17
100
AcDbEntity
  8
EJE_TILT
100
AcDbFace
 10
-57.0
 20
0.0
 30
73.0
 11
-55.85194970290473
 21
2.77163859753386
 31
73.0
 12
-57.0
 22
3.0
 32
73.0
 13
-57.0
 23
0.0
 33
73.0
  0
3DFACE
  5
2FF
330
17
100
AcDbEntity
  8
EJE_TILT
100
AcDbFace
 10
-57.0
 20
0.0
 30
79.0
 11
-55.85194970290473
 21
2.77163859753386
 31
79.0
 12
-57.0
 22
3.0
 32
79.0
 13
-57.0
 23
0.0
 33
79.0
  0
3DFACE
  5
300
330
17
100
AcDbEntity
  8
EJE_TILT
100
AcDbFace
 10
-57.0
 20
3.0
 30
73.0
 11
-58.14805029709527
 21
2.77163859753386
 31
73.0
 12
-58.14805029709527
 22
2.77163859753386
 32
79.0
 13
-57.0
 23
3.0
 33
79.0
  0
3DFACE
  5
301
330
17
100
AcDbEntity
  8
EJE_TILT
100
AcDbFace
 10
-57.0
 20
0.0
 30
73.0
 11
-57.0
 21
3.0
 31
73.0
 12
-58.14805029709527
 22
2.77163859753386
 32
73.0
 13
-57.0
 23
0.0
 33
73.0
  0
3DFACE
  5
302
330
17
100
AcDbEntity
  8
EJE_TILT
100
AcDbFace
 10
-57.0
 20
0.0
 30
79.0
 11
-57.0
 21
3.0
 31
79.0
 12
-58.14805029709527
 22
2.77163859753386
 32
79.0
 13
-57.0
 23
0.0
 33
79.0
  0
3DFACE
  5
303
330
17
100
AcDbEntity
  8
EJE_TILT
100
AcDbFace
 10
-58.14805029709527
 20
2.77163859753386
 30
73.0
 11
-59.121320343559645
 21
2.121320343559643
 31
73.0
 12
-59.121320343559645
 22
2.121320343559643
 32
79.0
 13
-58.14805029709527
 23
2.77163859753386
 33
79.0
  0
3DFACE
  5
304
330
17
100
AcDbEntity
  8
EJE_TILT
100
AcDbFace
 10
-57.0
 20
0.0
 30
73.0
 11
-58.14805029709527
 21
2.77163859753386
 31
73.0
 12
-59.121320343559645
 22
2.121320343559643
 32
73.0
 13
-57.0
 23
0.0
 33
73.0
  0
3DFACE
  5
305
330
17
100
AcDbEntity
  8
EJE_TILT
100
AcDbFace
 10
-57.0
 20
0.0
 30
79.0
 11
-58.14805029709527
 21
2.77163859753386
 31
79.0
 12
-59.121320343559645
 22
2.121320343559643
 32
79.0
 13
-57.0
 23
0.0
 33
79.0
  0
3DFACE
  5
306
330
17
100
AcDbEntity
  8
EJE_TILT
100
AcDbFace
 10
-59.121320343559645
 20
2.121320343559643
 30
73.0
 11
-59.77163859753386
 21
1.1480502970952697
 31
73.0
 12
-59.77163859753386
 22
1.1480502970952697
 32
79.0
 13
-59.121320343559645
 23
2.121320343559643
 33
79.0
  0
3DFACE
  5
307
330
17
100
AcDbEntity
  8
EJE_TILT
100
AcDbFace
 10
-57.0
 20
0.0
 30
73.0
 11
-59.121320343559645
 21
2.121320343559643
 31
73.0
 12
-59.77163859753386
 22
1.1480502970952697
 32
73.0
 13
-57.0
 23
0.0
 33
73.0
  0
3DFACE
  5
308
330
17
100
AcDbEntity
  8
EJE_TILT
100
AcDbFace
 10
-57.0
 20
0.0
 30
79.0
 11
-59.121320343559645
 21
2.121320343559643
 31
79.0
 12
-59.77163859753386
 22
1.1480502970952697
 32
79.0
 13
-57.0
 23
0.0
 33
79.0
  0
3DFACE
  5
309
330
17
100
AcDbEntity
  8
EJE_TILT
100
AcDbFace
 10
-59.77163859753386
 20
1.1480502970952697
 30
73.0
 11
-60.0
 21
3.6739403974420594e-16
 31
73.0
 12
-60.0
 22
3.6739403974420594e-16
 32
79.0
 13
-59.77163859753386
 23
1.1480502970952697
 33
79.0
  0
3DFACE
  5
30A
330
17
100
AcDbEntity
  8
EJE_TILT
100
AcDbFace
 10
-57.0
 20
0.0
 30
73.0
 11
-59.77163859753386
 21
1.1480502970952697
 31
73.0
 12
-60.0
 22
3.6739403974420594e-16
 32
73.0
 13
-57.0
 23
0.0
 33
73.0
  0
3DFACE
  5
30B
330
17
100
AcDbEntity
  8
EJE_TILT
100
AcDbFace
 10
-57.0
 20
0.0
 30
79.0
 11
-59.77163859753386
 21
1.1480502970952697
 31
79.0
 12
-60.0
 22
3.6739403974420594e-16
 32
79.0
 13
-57.0
 23
0.0
 33
79.0
  0
3DFACE
  5
30C
330
17
100
AcDbEntity
  8
EJE_TILT
100
AcDbFace
 10
-60.0
 20
3.6739403974420594e-16
 30
73.0
 11
-59.77163859753386
 21
-1.148050297095269
 31
73.0
 12
-59.77163859753386
 22
-1.148050297095269
 32
79.0
 13
-60.0
 23
3.6739403974420594e-16
 33
79.0
  0
3DFACE
  5
30D
330
17
100
AcDbEntity
  8
EJE_TILT
100
AcDbFace
 10
-57.0
 20
0.0
 30
73.0
 11
-60.0
 21
3.6739403974420594e-16
 31
73.0
 12
-59.77163859753386
 22
-1.148050297095269
 32
73.0
 13
-57.0
 23
0.0
 33
73.0
  0
3DFACE
  5
30E
330
17
100
AcDbEntity
  8
EJE_TILT
100
AcDbFace
 10
-57.0
 20
0.0
 30
79.0
 11
-60.0
 21
3.6739403974420594e-16
 31
79.0
 12
-59.77163859753386
 22
-1.148050297095269
 32
79.0
 13
-57.0
 23
0.0
 33
79.0
  0
3DFACE
  5
30F
330
17
100
AcDbEntity
  8
EJE_TILT
100
AcDbFace
 10
-59.77163859753386
 20
-1.148050297095269
 30
73.0
 11
-59.121320343559645
 21
-2.1213203435596424
 31
73.0
 12
-59.121320343559645
 22
-2.1213203435596424
 32
79.0
 13
-59.77163859753386
 23
-1.148050297095269
 33
79.0
  0
3DFACE
  5
310
330
17
100
AcDbEntity
  8
EJE_TILT
100
AcDbFace
 10
-57.0
 20
0.0
 30
73.0
 11
-59.77163859753386
 21
-1.148050297095269
 31
73.0
 12
-59.121320343559645
 22
-2.1213203435596424
 32
73.0
 13
-57.0
 23
0.0
 33
73.0
  0
3DFACE
  5
311
330
17
100
AcDbEntity
  8
EJE_TILT
100
AcDbFace
 10
-57.0
 20
0.0
 30
79.0
 11
-59.77163859753386
 21
-1.148050297095269
 31
79.0
 12
-59.121320343559645
 22
-2.1213203435596424
 32
79.0
 13
-57.0
 23
0.0
 33
79.0
  0
3DFACE
  5
312
330
17
100
AcDbEntity
  8
EJE_TILT
100
AcDbFace
 10
-59.121320343559645
 20
-2.1213203435596424
 30
73.0
 11
-58.148050297095274
 21
-2.7716385975338595
 31
73.0
 12
-58.148050297095274
 22
-2.7716385975338595
 32
79.0
 13
-59.121320343559645
 23
-2.1213203435596424
 33
79.0
  0
3DFACE
  5
313
330
17
100
AcDbEntity
  8
EJE_TILT
100
AcDbFace
 10
-57.0
 20
0.0
 30
73.0
 11
-59.121320343559645
 21
-2.1213203435596424
 31
73.0
 12
-58.148050297095274
 22
-2.7716385975338595
 32
73.0
 13
-57.0
 23
0.0
 33
73.0
  0
3DFACE
  5
314
330
17
100
AcDbEntity
  8
EJE_TILT
100
AcDbFace
 10
-57.0
 20
0.0
 30
79.0
 11
-59.121320343559645
 21
-2.1213203435596424
 31
79.0
 12
-58.148050297095274
 22
-2.7716385975338595
 32
79.0
 13
-57.0
 23
0.0
 33
79.0
  0
3DFACE
  5
315
330
17
100
AcDbEntity
  8
EJE_TILT
100
AcDbFace
 10
-58.148050297095274
 20
-2.7716385975338595
 30
73.0
 11
-57.0
 21
-3.0
 31
73.0
 12
-57.0
 22
-3.0
 32
79.0
 13
-58.148050297095274
 23
-2.7716385975338595
 33
79.0
  0
3DFACE
  5
316
330
17
100
AcDbEntity
  8
EJE_TILT
100
AcDbFace
 10
-57.0
 20
0.0
 30
73.0
 11
-58.148050297095274
 21
-2.7716385975338595
 31
73.0
 12
-57.0
 22
-3.0
 32
73.0
 13
-57.0
 23
0.0
 33
73.0
  0
3DFACE
  5
317
330
17
100
AcDbEntity
  8
EJE_TILT
100
AcDbFace
 10
-57.0
 20
0.0
 30
79.0
 11
-58.148050297095274
 21
-2.7716385975338595
 31
79.0
 12
-57.0
 22
-3.0
 32
79.0
 13
-57.0
 23
0.0
 33
79.0
  0
3DFACE
  5
318
330
17
100
AcDbEntity
  8
EJE_TILT
100
AcDbFace
 10
-57.0
 20
-3.0
 30
73.0
 11
-55.85194970290473
 21
-2.77163859753386
 31
73.0
 12
-55.85194970290473
 22
-2.77163859753386
 32
79.0
 13
-57.0
 23
-3.0
 33
79.0
  0
3DFACE
  5
319
330
17
100
AcDbEntity
  8
EJE_TILT
100
AcDbFace
 10
-57.0
 20
0.0
 30
73.0
 11
-57.0
 21
-3.0
 31
73.0
 12
-55.85194970290473
 22
-2.77163859753386
 32
73.0
 13
-57.0
 23
0.0
 33
73.0
  0
3DFACE
  5
31A
330
17
100
AcDbEntity
  8
EJE_TILT
100
AcDbFace
 10
-57.0
 20
0.0
 30
79.0
 11
-57.0
 21
-3.0
 31
79.0
 12
-55.85194970290473
 22
-2.77163859753386
 32
79.0
 13
-57.0
 23
0.0
 33
79.0
  0
3DFACE
  5
31B
330
17
100
AcDbEntity
  8
EJE_TILT
100
AcDbFace
 10
-55.85194970290473
 20
-2.77163859753386
 30
73.0
 11
-54.878679656440355
 21
-2.121320343559643
 31
73.0
 12
-54.878679656440355
 22
-2.121320343559643
 32
79.0
 13
-55.85194970290473
 23
-2.77163859753386
 33
79.0
  0
3DFACE
  5
31C
330
17
100
AcDbEntity
  8
EJE_TILT
100
AcDbFace
 10
-57.0
 20
0.0
 30
73.0
 11
-55.85194970290473
 21
-2.77163859753386
 31
73.0
 12
-54.878679656440355
 22
-2.121320343559643
 32
73.0
 13
-57.0
 23
0.0
 33
73.0
  0
3DFACE
  5
31D
330
17
100
AcDbEntity
  8
EJE_TILT
100
AcDbFace
 10
-57.0
 20
0.0
 30
79.0
 11
-55.85194970290473
 21
-2.77163859753386
 31
79.0
 12
-54.878679656440355
 22
-2.121320343559643
 32
79.0
 13
-57.0
 23
0.0
 33
79.0
  0
3DFACE
  5
31E
330
17
100
AcDbEntity
  8
EJE_TILT
100
AcDbFace
 10
-54.878679656440355
 20
-2.121320343559643
 30
73.0
 11
-54.22836140246614
 21
-1.148050297095271
 31
73.0
 12
-54.22836140246614
 22
-1.148050297095271
 32
79.0
 13
-54.878679656440355
 23
-2.121320343559643
 33
79.0
  0
3DFACE
  5
31F
330
17
100
AcDbEntity
  8
EJE_TILT
100
AcDbFace
 10
-57.0
 20
0.0
 30
73.0
 11
-54.878679656440355
 21
-2.121320343559643
 31
73.0
 12
-54.22836140246614
 22
-1.148050297095271
 32
73.0
 13
-57.0
 23
0.0
 33
73.0
  0
3DFACE
  5
320
330
17
100
AcDbEntity
  8
EJE_TILT
100
AcDbFace
 10
-57.0
 20
0.0
 30
79.0
 11
-54.878679656440355
 21
-2.121320343559643
 31
79.0
 12
-54.22836140246614
 22
-1.148050297095271
 32
79.0
 13
-57.0
 23
0.0
 33
79.0
  0
3DFACE
  5
321
330
17
100
AcDbEntity
  8
EJE_TILT
100
AcDbFace
 10
-54.22836140246614
 20
-1.148050297095271
 30
73.0
 11
-54.0
 21
0.0
 31
73.0
 12
-54.0
 22
0.0
 32
79.0
 13
-54.22836140246614
 23
-1.148050297095271
 33
79.0
  0
3DFACE
  5
322
330
17
100
AcDbEntity
  8
EJE_TILT
100
AcDbFace
 10
-57.0
 20
0.0
 30
73.0
 11
-54.22836140246614
 21
-1.148050297095271
 31
73.0
 12
-54.0
 22
0.0
 32
73.0
 13
-57.0
 23
0.0
 33
73.0
  0
3DFACE
  5
323
330
17
100
AcDbEntity
  8
EJE_TILT
100
AcDbFace
 10
-57.0
 20
0.0
 30
79.0
 11
-54.22836140246614
 21
-1.148050297095271
 31
79.0
 12
-54.0
 22
0.0
 32
79.0
 13
-57.0
 23
0.0
 33
79.0
  0
LINE
  5
324
330
17
100
AcDbEntity
  8
COTAS
100
AcDbLine
 10
-70.0
 20
0.0
 30
76.0
 11
110.0
 21
0.0
 31
76.0
  0
3DFACE
  5
325
330
17
100
AcDbEntity
  8
BRAZO_HORN
100
AcDbFace
 10
-57.0
 20
-10.0
 30
74.0
 11
54.0
 21
-10.0
 31
74.0
 12
54.0
 22
10.0
 32
74.0
 13
-57.0
 23
10.0
 33
74.0
  0
3DFACE
  5
326
330
17
100
AcDbEntity
  8
BRAZO_HORN
100
AcDbFace
 10
-57.0
 20
-10.0
 30
78.0
 11
54.0
 21
-10.0
 31
78.0
 12
54.0
 22
10.0
 32
78.0
 13
-57.0
 23
10.0
 33
78.0
  0
3DFACE
  5
327
330
17
100
AcDbEntity
  8
BRAZO_HORN
100
AcDbFace
 10
-57.0
 20
-10.0
 30
74.0
 11
54.0
 21
-10.0
 31
74.0
 12
54.0
 22
-10.0
 32
78.0
 13
-57.0
 23
-10.0
 33
78.0
  0
3DFACE
  5
328
330
17
100
AcDbEntity
  8
BRAZO_HORN
100
AcDbFace
 10
54.0
 20
10.0
 30
74.0
 11
-57.0
 21
10.0
 31
74.0
 12
-57.0
 22
10.0
 32
78.0
 13
54.0
 23
10.0
 33
78.0
  0
3DFACE
  5
329
330
17
100
AcDbEntity
  8
BRAZO_HORN
100
AcDbFace
 10
-57.0
 20
-10.0
 30
74.0
 11
-57.0
 21
10.0
 31
74.0
 12
-57.0
 22
10.0
 32
78.0
 13
-57.0
 23
-10.0
 33
78.0
  0
3DFACE
  5
32A
330
17
100
AcDbEntity
  8
BRAZO_HORN
100
AcDbFace
 10
54.0
 20
-10.0
 30
74.0
 11
54.0
 21
10.0
 31
74.0
 12
54.0
 22
10.0
 32
78.0
 13
54.0
 23
-10.0
 33
78.0
  0
3DFACE
  5
32B
330
17
100
AcDbEntity
  8
BRAZO_HORN
100
AcDbFace
 10
-10.0
 20
-10.0
 30
78.0
 11
10.0
 21
-10.0
 31
78.0
 12
10.0
 22
10.0
 32
78.0
 13
-10.0
 23
10.0
 33
78.0
  0
3DFACE
  5
32C
330
17
100
AcDbEntity
  8
BRAZO_HORN
100
AcDbFace
 10
-10.0
 20
-10.0
 30
158.0
 11
10.0
 21
-10.0
 31
158.0
 12
10.0
 22
10.0
 32
158.0
 13
-10.0
 23
10.0
 33
158.0
  0
3DFACE
  5
32D
330
17
100
AcDbEntity
  8
BRAZO_HORN
100
AcDbFace
 10
-10.0
 20
-10.0
 30
78.0
 11
10.0
 21
-10.0
 31
78.0
 12
10.0
 22
-10.0
 32
158.0
 13
-10.0
 23
-10.0
 33
158.0
  0
3DFACE
  5
32E
330
17
100
AcDbEntity
  8
BRAZO_HORN
100
AcDbFace
 10
10.0
 20
10.0
 30
78.0
 11
-10.0
 21
10.0
 31
78.0
 12
-10.0
 22
10.0
 32
158.0
 13
10.0
 23
10.0
 33
158.0
  0
3DFACE
  5
32F
330
17
100
AcDbEntity
  8
BRAZO_HORN
100
AcDbFace
 10
-10.0
 20
-10.0
 30
78.0
 11
-10.0
 21
10.0
 31
78.0
 12
-10.0
 22
10.0
 32
158.0
 13
-10.0
 23
-10.0
 33
158.0
  0
3DFACE
  5
330
330
17
100
AcDbEntity
  8
BRAZO_HORN
100
AcDbFace
 10
10.0
 20
-10.0
 30
78.0
 11
10.0
 21
10.0
 31
78.0
 12
10.0
 22
10.0
 32
158.0
 13
10.0
 23
-10.0
 33
158.0
  0
3DFACE
  5
331
330
17
100
AcDbEntity
  8
LASER
100
AcDbFace
 10
12.5
 20
0.0
 30
158.0
 11
12.074072828613353
 21
3.2352380637815092
 31
158.0
 12
12.074072828613353
 22
3.2352380637815092
 32
198.0
 13
12.5
 23
0.0
 33
198.0
  0
3DFACE
  5
332
330
17
100
AcDbEntity
  8
LASER
100
AcDbFace
 10
0.0
 20
0.0
 30
158.0
 11
12.5
 21
0.0
 31
158.0
 12
12.074072828613353
 22
3.2352380637815092
 32
158.0
 13
0.0
 23
0.0
 33
158.0
  0
3DFACE
  5
333
330
17
100
AcDbEntity
  8
LASER
100
AcDbFace
 10
0.0
 20
0.0
 30
198.0
 11
12.5
 21
0.0
 31
198.0
 12
12.074072828613353
 22
3.2352380637815092
 32
198.0
 13
0.0
 23
0.0
 33
198.0
  0
3DFACE
  5
334
330
17
100
AcDbEntity
  8
LASER
100
AcDbFace
 10
12.074072828613353
 20
3.2352380637815092
 30
158.0
 11
10.825317547305485
 21
6.249999999999999
 31
158.0
 12
10.825317547305485
 22
6.249999999999999
 32
198.0
 13
12.074072828613353
 23
3.2352380637815092
 33
198.0
  0
3DFACE
  5
335
330
17
100
AcDbEntity
  8
LASER
100
AcDbFace
 10
0.0
 20
0.0
 30
158.0
 11
12.074072828613353
 21
3.2352380637815092
 31
158.0
 12
10.825317547305485
 22
6.249999999999999
 32
158.0
 13
0.0
 23
0.0
 33
158.0
  0
3DFACE
  5
336
330
17
100
AcDbEntity
  8
LASER
100
AcDbFace
 10
0.0
 20
0.0
 30
198.0
 11
12.074072828613353
 21
3.2352380637815092
 31
198.0
 12
10.825317547305485
 22
6.249999999999999
 32
198.0
 13
0.0
 23
0.0
 33
198.0
  0
3DFACE
  5
337
330
17
100
AcDbEntity
  8
LASER
100
AcDbFace
 10
10.825317547305485
 20
6.249999999999999
 30
158.0
 11
8.838834764831844
 21
8.838834764831843
 31
158.0
 12
8.838834764831844
 22
8.838834764831843
 32
198.0
 13
10.825317547305485
 23
6.249999999999999
 33
198.0
  0
3DFACE
  5
338
330
17
100
AcDbEntity
  8
LASER
100
AcDbFace
 10
0.0
 20
0.0
 30
158.0
 11
10.825317547305485
 21
6.249999999999999
 31
158.0
 12
8.838834764831844
 22
8.838834764831843
 32
158.0
 13
0.0
 23
0.0
 33
158.0
  0
3DFACE
  5
339
330
17
100
AcDbEntity
  8
LASER
100
AcDbFace
 10
0.0
 20
0.0
 30
198.0
 11
10.825317547305485
 21
6.249999999999999
 31
198.0
 12
8.838834764831844
 22
8.838834764831843
 32
198.0
 13
0.0
 23
0.0
 33
198.0
  0
3DFACE
  5
33A
330
17
100
AcDbEntity
  8
LASER
100
AcDbFace
 10
8.838834764831844
 20
8.838834764831843
 30
158.0
 11
6.250000000000002
 21
10.825317547305483
 31
158.0
 12
6.250000000000002
 22
10.825317547305483
 32
198.0
 13
8.838834764831844
 23
8.838834764831843
 33
198.0
  0
3DFACE
  5
33B
330
17
100
AcDbEntity
  8
LASER
100
AcDbFace
 10
0.0
 20
0.0
 30
158.0
 11
8.838834764831844
 21
8.838834764831843
 31
158.0
 12
6.250000000000002
 22
10.825317547305483
 32
158.0
 13
0.0
 23
0.0
 33
158.0
  0
3DFACE
  5
33C
330
17
100
AcDbEntity
  8
LASER
100
AcDbFace
 10
0.0
 20
0.0
 30
198.0
 11
8.838834764831844
 21
8.838834764831843
 31
198.0
 12
6.250000000000002
 22
10.825317547305483
 32
198.0
 13
0.0
 23
0.0
 33
198.0
  0
3DFACE
  5
33D
330
17
100
AcDbEntity
  8
LASER
100
AcDbFace
 10
6.250000000000002
 20
10.825317547305483
 30
158.0
 11
3.2352380637815092
 21
12.074072828613353
 31
158.0
 12
3.2352380637815092
 22
12.074072828613353
 32
198.0
 13
6.250000000000002
 23
10.825317547305483
 33
198.0
  0
3DFACE
  5
33E
330
17
100
AcDbEntity
  8
LASER
100
AcDbFace
 10
0.0
 20
0.0
 30
158.0
 11
6.250000000000002
 21
10.825317547305483
 31
158.0
 12
3.2352380637815092
 22
12.074072828613353
 32
158.0
 13
0.0
 23
0.0
 33
158.0
  0
3DFACE
  5
33F
330
17
100
AcDbEntity
  8
LASER
100
AcDbFace
 10
0.0
 20
0.0
 30
198.0
 11
6.250000000000002
 21
10.825317547305483
 31
198.0
 12
3.2352380637815092
 22
12.074072828613353
 32
198.0
 13
0.0
 23
0.0
 33
198.0
  0
3DFACE
  5
340
330
17
100
AcDbEntity
  8
LASER
100
AcDbFace
 10
3.2352380637815092
 20
12.074072828613353
 30
158.0
 11
7.654042494670958e-16
 21
12.5
 31
158.0
 12
7.654042494670958e-16
 22
12.5
 32
198.0
 13
3.2352380637815092
 23
12.074072828613353
 33
198.0
  0
3DFACE
  5
341
330
17
100
AcDbEntity
  8
LASER
100
AcDbFace
 10
0.0
 20
0.0
 30
158.0
 11
3.2352380637815092
 21
12.074072828613353
 31
158.0
 12
7.654042494670958e-16
 22
12.5
 32
158.0
 13
0.0
 23
0.0
 33
158.0
  0
3DFACE
  5
342
330
17
100
AcDbEntity
  8
LASER
100
AcDbFace
 10
0.0
 20
0.0
 30
198.0
 11
3.2352380637815092
 21
12.074072828613353
 31
198.0
 12
7.654042494670958e-16
 22
12.5
 32
198.0
 13
0.0
 23
0.0
 33
198.0
  0
3DFACE
  5
343
330
17
100
AcDbEntity
  8
LASER
100
AcDbFace
 10
7.654042494670958e-16
 20
12.5
 30
158.0
 11
-3.235238063781508
 21
12.074072828613353
 31
158.0
 12
-3.235238063781508
 22
12.074072828613353
 32
198.0
 13
7.654042494670958e-16
 23
12.5
 33
198.0
  0
3DFACE
  5
344
330
17
100
AcDbEntity
  8
LASER
100
AcDbFace
 10
0.0
 20
0.0
 30
158.0
 11
7.654042494670958e-16
 21
12.5
 31
158.0
 12
-3.235238063781508
 22
12.074072828613353
 32
158.0
 13
0.0
 23
0.0
 33
158.0
  0
3DFACE
  5
345
330
17
100
AcDbEntity
  8
LASER
100
AcDbFace
 10
0.0
 20
0.0
 30
198.0
 11
7.654042494670958e-16
 21
12.5
 31
198.0
 12
-3.235238063781508
 22
12.074072828613353
 32
198.0
 13
0.0
 23
0.0
 33
198.0
  0
3DFACE
  5
346
330
17
100
AcDbEntity
  8
LASER
100
AcDbFace
 10
-3.235238063781508
 20
12.074072828613353
 30
158.0
 11
-6.249999999999997
 21
10.825317547305485
 31
158.0
 12
-6.249999999999997
 22
10.825317547305485
 32
198.0
 13
-3.235238063781508
 23
12.074072828613353
 33
198.0
  0
3DFACE
  5
347
330
17
100
AcDbEntity
  8
LASER
100
AcDbFace
 10
0.0
 20
0.0
 30
158.0
 11
-3.235238063781508
 21
12.074072828613353
 31
158.0
 12
-6.249999999999997
 22
10.825317547305485
 32
158.0
 13
0.0
 23
0.0
 33
158.0
  0
3DFACE
  5
348
330
17
100
AcDbEntity
  8
LASER
100
AcDbFace
 10
0.0
 20
0.0
 30
198.0
 11
-3.235238063781508
 21
12.074072828613353
 31
198.0
 12
-6.249999999999997
 22
10.825317547305485
 32
198.0
 13
0.0
 23
0.0
 33
198.0
  0
3DFACE
  5
349
330
17
100
AcDbEntity
  8
LASER
100
AcDbFace
 10
-6.249999999999997
 20
10.825317547305485
 30
158.0
 11
-8.838834764831843
 21
8.838834764831844
 31
158.0
 12
-8.838834764831843
 22
8.838834764831844
 32
198.0
 13
-6.249999999999997
 23
10.825317547305485
 33
198.0
  0
3DFACE
  5
34A
330
17
100
AcDbEntity
  8
LASER
100
AcDbFace
 10
0.0
 20
0.0
 30
158.0
 11
-6.249999999999997
 21
10.825317547305485
 31
158.0
 12
-8.838834764831843
 22
8.838834764831844
 32
158.0
 13
0.0
 23
0.0
 33
158.0
  0
3DFACE
  5
34B
330
17
100
AcDbEntity
  8
LASER
100
AcDbFace
 10
0.0
 20
0.0
 30
198.0
 11
-6.249999999999997
 21
10.825317547305485
 31
198.0
 12
-8.838834764831843
 22
8.838834764831844
 32
198.0
 13
0.0
 23
0.0
 33
198.0
  0
3DFACE
  5
34C
330
17
100
AcDbEntity
  8
LASER
100
AcDbFace
 10
-8.838834764831843
 20
8.838834764831844
 30
158.0
 11
-10.825317547305485
 21
6.249999999999999
 31
158.0
 12
-10.825317547305485
 22
6.249999999999999
 32
198.0
 13
-8.838834764831843
 23
8.838834764831844
 33
198.0
  0
3DFACE
  5
34D
330
17
100
AcDbEntity
  8
LASER
100
AcDbFace
 10
0.0
 20
0.0
 30
158.0
 11
-8.838834764831843
 21
8.838834764831844
 31
158.0
 12
-10.825317547305485
 22
6.249999999999999
 32
158.0
 13
0.0
 23
0.0
 33
158.0
  0
3DFACE
  5
34E
330
17
100
AcDbEntity
  8
LASER
100
AcDbFace
 10
0.0
 20
0.0
 30
198.0
 11
-8.838834764831843
 21
8.838834764831844
 31
198.0
 12
-10.825317547305485
 22
6.249999999999999
 32
198.0
 13
0.0
 23
0.0
 33
198.0
  0
3DFACE
  5
34F
330
17
100
AcDbEntity
  8
LASER
100
AcDbFace
 10
-10.825317547305485
 20
6.249999999999999
 30
158.0
 11
-12.074072828613353
 21
3.235238063781513
 31
158.0
 12
-12.074072828613353
 22
3.235238063781513
 32
198.0
 13
-10.825317547305485
 23
6.249999999999999
 33
198.0
  0
3DFACE
  5
350
330
17
100
AcDbEntity
  8
LASER
100
AcDbFace
 10
0.0
 20
0.0
 30
158.0
 11
-10.825317547305485
 21
6.249999999999999
 31
158.0
 12
-12.074072828613353
 22
3.235238063781513
 32
158.0
 13
0.0
 23
0.0
 33
158.0
  0
3DFACE
  5
351
330
17
100
AcDbEntity
  8
LASER
100
AcDbFace
 10
0.0
 20
0.0
 30
198.0
 11
-10.825317547305485
 21
6.249999999999999
 31
198.0
 12
-12.074072828613353
 22
3.235238063781513
 32
198.0
 13
0.0
 23
0.0
 33
198.0
  0
3DFACE
  5
352
330
17
100
AcDbEntity
  8
LASER
100
AcDbFace
 10
-12.074072828613353
 20
3.235238063781513
 30
158.0
 11
-12.5
 21
1.5308084989341915e-15
 31
158.0
 12
-12.5
 22
1.5308084989341915e-15
 32
198.0
 13
-12.074072828613353
 23
3.235238063781513
 33
198.0
  0
3DFACE
  5
353
330
17
100
AcDbEntity
  8
LASER
100
AcDbFace
 10
0.0
 20
0.0
 30
158.0
 11
-12.074072828613353
 21
3.235238063781513
 31
158.0
 12
-12.5
 22
1.5308084989341915e-15
 32
158.0
 13
0.0
 23
0.0
 33
158.0
  0
3DFACE
  5
354
330
17
100
AcDbEntity
  8
LASER
100
AcDbFace
 10
0.0
 20
0.0
 30
198.0
 11
-12.074072828613353
 21
3.235238063781513
 31
198.0
 12
-12.5
 22
1.5308084989341915e-15
 32
198.0
 13
0.0
 23
0.0
 33
198.0
  0
3DFACE
  5
355
330
17
100
AcDbEntity
  8
LASER
100
AcDbFace
 10
-12.5
 20
1.5308084989341915e-15
 30
158.0
 11
-12.074072828613353
 21
-3.23523806378151
 31
158.0
 12
-12.074072828613353
 22
-3.23523806378151
 32
198.0
 13
-12.5
 23
1.5308084989341915e-15
 33
198.0
  0
3DFACE
  5
356
330
17
100
AcDbEntity
  8
LASER
100
AcDbFace
 10
0.0
 20
0.0
 30
158.0
 11
-12.5
 21
1.5308084989341915e-15
 31
158.0
 12
-12.074072828613353
 22
-3.23523806378151
 32
158.0
 13
0.0
 23
0.0
 33
158.0
  0
3DFACE
  5
357
330
17
100
AcDbEntity
  8
LASER
100
AcDbFace
 10
0.0
 20
0.0
 30
198.0
 11
-12.5
 21
1.5308084989341915e-15
 31
198.0
 12
-12.074072828613353
 22
-3.23523806378151
 32
198.0
 13
0.0
 23
0.0
 33
198.0
  0
3DFACE
  5
358
330
17
100
AcDbEntity
  8
LASER
100
AcDbFace
 10
-12.074072828613353
 20
-3.23523806378151
 30
158.0
 11
-10.825317547305485
 21
-6.2499999999999964
 31
158.0
 12
-10.825317547305485
 22
-6.2499999999999964
 32
198.0
 13
-12.074072828613353
 23
-3.23523806378151
 33
198.0
  0
3DFACE
  5
359
330
17
100
AcDbEntity
  8
LASER
100
AcDbFace
 10
0.0
 20
0.0
 30
158.0
 11
-12.074072828613353
 21
-3.23523806378151
 31
158.0
 12
-10.825317547305485
 22
-6.2499999999999964
 32
158.0
 13
0.0
 23
0.0
 33
158.0
  0
3DFACE
  5
35A
330
17
100
AcDbEntity
  8
LASER
100
AcDbFace
 10
0.0
 20
0.0
 30
198.0
 11
-12.074072828613353
 21
-3.23523806378151
 31
198.0
 12
-10.825317547305485
 22
-6.2499999999999964
 32
198.0
 13
0.0
 23
0.0
 33
198.0
  0
3DFACE
  5
35B
330
17
100
AcDbEntity
  8
LASER
100
AcDbFace
 10
-10.825317547305485
 20
-6.2499999999999964
 30
158.0
 11
-8.838834764831848
 21
-8.838834764831839
 31
158.0
 12
-8.838834764831848
 22
-8.838834764831839
 32
198.0
 13
-10.825317547305485
 23
-6.2499999999999964
 33
198.0
  0
3DFACE
  5
35C
330
17
100
AcDbEntity
  8
LASER
100
AcDbFace
 10
0.0
 20
0.0
 30
158.0
 11
-10.825317547305485
 21
-6.2499999999999964
 31
158.0
 12
-8.838834764831848
 22
-8.838834764831839
 32
158.0
 13
0.0
 23
0.0
 33
158.0
  0
3DFACE
  5
35D
330
17
100
AcDbEntity
  8
LASER
100
AcDbFace
 10
0.0
 20
0.0
 30
198.0
 11
-10.825317547305485
 21
-6.2499999999999964
 31
198.0
 12
-8.838834764831848
 22
-8.838834764831839
 32
198.0
 13
0.0
 23
0.0
 33
198.0
  0
3DFACE
  5
35E
330
17
100
AcDbEntity
  8
LASER
100
AcDbFace
 10
-8.838834764831848
 20
-8.838834764831839
 30
158.0
 11
-6.250000000000005
 21
-10.82531754730548
 31
158.0
 12
-6.250000000000005
 22
-10.82531754730548
 32
198.0
 13
-8.838834764831848
 23
-8.838834764831839
 33
198.0
  0
3DFACE
  5
35F
330
17
100
AcDbEntity
  8
LASER
100
AcDbFace
 10
0.0
 20
0.0
 30
158.0
 11
-8.838834764831848
 21
-8.838834764831839
 31
158.0
 12
-6.250000000000005
 22
-10.82531754730548
 32
158.0
 13
0.0
 23
0.0
 33
158.0
  0
3DFACE
  5
360
330
17
100
AcDbEntity
  8
LASER
100
AcDbFace
 10
0.0
 20
0.0
 30
198.0
 11
-8.838834764831848
 21
-8.838834764831839
 31
198.0
 12
-6.250000000000005
 22
-10.82531754730548
 32
198.0
 13
0.0
 23
0.0
 33
198.0
  0
3DFACE
  5
361
330
17
100
AcDbEntity
  8
LASER
100
AcDbFace
 10
-6.250000000000005
 20
-10.82531754730548
 30
158.0
 11
-3.235238063781508
 21
-12.074072828613353
 31
158.0
 12
-3.235238063781508
 22
-12.074072828613353
 32
198.0
 13
-6.250000000000005
 23
-10.82531754730548
 33
198.0
  0
3DFACE
  5
362
330
17
100
AcDbEntity
  8
LASER
100
AcDbFace
 10
0.0
 20
0.0
 30
158.0
 11
-6.250000000000005
 21
-10.82531754730548
 31
158.0
 12
-3.235238063781508
 22
-12.074072828613353
 32
158.0
 13
0.0
 23
0.0
 33
158.0
  0
3DFACE
  5
363
330
17
100
AcDbEntity
  8
LASER
100
AcDbFace
 10
0.0
 20
0.0
 30
198.0
 11
-6.250000000000005
 21
-10.82531754730548
 31
198.0
 12
-3.235238063781508
 22
-12.074072828613353
 32
198.0
 13
0.0
 23
0.0
 33
198.0
  0
3DFACE
  5
364
330
17
100
AcDbEntity
  8
LASER
100
AcDbFace
 10
-3.235238063781508
 20
-12.074072828613353
 30
158.0
 11
-2.296212748401287e-15
 21
-12.5
 31
158.0
 12
-2.296212748401287e-15
 22
-12.5
 32
198.0
 13
-3.235238063781508
 23
-12.074072828613353
 33
198.0
  0
3DFACE
  5
365
330
17
100
AcDbEntity
  8
LASER
100
AcDbFace
 10
0.0
 20
0.0
 30
158.0
 11
-3.235238063781508
 21
-12.074072828613353
 31
158.0
 12
-2.296212748401287e-15
 22
-12.5
 32
158.0
 13
0.0
 23
0.0
 33
158.0
  0
3DFACE
  5
366
330
17
100
AcDbEntity
  8
LASER
100
AcDbFace
 10
0.0
 20
0.0
 30
198.0
 11
-3.235238063781508
 21
-12.074072828613353
 31
198.0
 12
-2.296212748401287e-15
 22
-12.5
 32
198.0
 13
0.0
 23
0.0
 33
198.0
  0
3DFACE
  5
367
330
17
100
AcDbEntity
  8
LASER
100
AcDbFace
 10
-2.296212748401287e-15
 20
-12.5
 30
158.0
 11
3.2352380637815035
 21
-12.074072828613355
 31
158.0
 12
3.2352380637815035
 22
-12.074072828613355
 32
198.0
 13
-2.296212748401287e-15
 23
-12.5
 33
198.0
  0
3DFACE
  5
368
330
17
100
AcDbEntity
  8
LASER
100
AcDbFace
 10
0.0
 20
0.0
 30
158.0
 11
-2.296212748401287e-15
 21
-12.5
 31
158.0
 12
3.2352380637815035
 22
-12.074072828613355
 32
158.0
 13
0.0
 23
0.0
 33
158.0
  0
3DFACE
  5
369
330
17
100
AcDbEntity
  8
LASER
100
AcDbFace
 10
0.0
 20
0.0
 30
198.0
 11
-2.296212748401287e-15
 21
-12.5
 31
198.0
 12
3.2352380637815035
 22
-12.074072828613355
 32
198.0
 13
0.0
 23
0.0
 33
198.0
  0
3DFACE
  5
36A
330
17
100
AcDbEntity
  8
LASER
100
AcDbFace
 10
3.2352380637815035
 20
-12.074072828613355
 30
158.0
 11
6.250000000000002
 21
-10.825317547305483
 31
158.0
 12
6.250000000000002
 22
-10.825317547305483
 32
198.0
 13
3.2352380637815035
 23
-12.074072828613355
 33
198.0
  0
3DFACE
  5
36B
330
17
100
AcDbEntity
  8
LASER
100
AcDbFace
 10
0.0
 20
0.0
 30
158.0
 11
3.2352380637815035
 21
-12.074072828613355
 31
158.0
 12
6.250000000000002
 22
-10.825317547305483
 32
158.0
 13
0.0
 23
0.0
 33
158.0
  0
3DFACE
  5
36C
330
17
100
AcDbEntity
  8
LASER
100
AcDbFace
 10
0.0
 20
0.0
 30
198.0
 11
3.2352380637815035
 21
-12.074072828613355
 31
198.0
 12
6.250000000000002
 22
-10.825317547305483
 32
198.0
 13
0.0
 23
0.0
 33
198.0
  0
3DFACE
  5
36D
330
17
100
AcDbEntity
  8
LASER
100
AcDbFace
 10
6.250000000000002
 20
-10.825317547305483
 30
158.0
 11
8.838834764831843
 21
-8.838834764831846
 31
158.0
 12
8.838834764831843
 22
-8.838834764831846
 32
198.0
 13
6.250000000000002
 23
-10.825317547305483
 33
198.0
  0
3DFACE
  5
36E
330
17
100
AcDbEntity
  8
LASER
100
AcDbFace
 10
0.0
 20
0.0
 30
158.0
 11
6.250000000000002
 21
-10.825317547305483
 31
158.0
 12
8.838834764831843
 22
-8.838834764831846
 32
158.0
 13
0.0
 23
0.0
 33
158.0
  0
3DFACE
  5
36F
330
17
100
AcDbEntity
  8
LASER
100
AcDbFace
 10
0.0
 20
0.0
 30
198.0
 11
6.250000000000002
 21
-10.825317547305483
 31
198.0
 12
8.838834764831843
 22
-8.838834764831846
 32
198.0
 13
0.0
 23
0.0
 33
198.0
  0
3DFACE
  5
370
330
17
100
AcDbEntity
  8
LASER
100
AcDbFace
 10
8.838834764831843
 20
-8.838834764831846
 30
158.0
 11
10.82531754730548
 21
-6.250000000000005
 31
158.0
 12
10.82531754730548
 22
-6.250000000000005
 32
198.0
 13
8.838834764831843
 23
-8.838834764831846
 33
198.0
  0
3DFACE
  5
371
330
17
100
AcDbEntity
  8
LASER
100
AcDbFace
 10
0.0
 20
0.0
 30
158.0
 11
8.838834764831843
 21
-8.838834764831846
 31
158.0
 12
10.82531754730548
 22
-6.250000000000005
 32
158.0
 13
0.0
 23
0.0
 33
158.0
  0
3DFACE
  5
372
330
17
100
AcDbEntity
  8
LASER
100
AcDbFace
 10
0.0
 20
0.0
 30
198.0
 11
8.838834764831843
 21
-8.838834764831846
 31
198.0
 12
10.82531754730548
 22
-6.250000000000005
 32
198.0
 13
0.0
 23
0.0
 33
198.0
  0
3DFACE
  5
373
330
17
100
AcDbEntity
  8
LASER
100
AcDbFace
 10
10.82531754730548
 20
-6.250000000000005
 30
158.0
 11
12.074072828613351
 21
-3.2352380637815195
 31
158.0
 12
12.074072828613351
 22
-3.2352380637815195
 32
198.0
 13
10.82531754730548
 23
-6.250000000000005
 33
198.0
  0
3DFACE
  5
374
330
17
100
AcDbEntity
  8
LASER
100
AcDbFace
 10
0.0
 20
0.0
 30
158.0
 11
10.82531754730548
 21
-6.250000000000005
 31
158.0
 12
12.074072828613351
 22
-3.2352380637815195
 32
158.0
 13
0.0
 23
0.0
 33
158.0
  0
3DFACE
  5
375
330
17
100
AcDbEntity
  8
LASER
100
AcDbFace
 10
0.0
 20
0.0
 30
198.0
 11
10.82531754730548
 21
-6.250000000000005
 31
198.0
 12
12.074072828613351
 22
-3.2352380637815195
 32
198.0
 13
0.0
 23
0.0
 33
198.0
  0
3DFACE
  5
376
330
17
100
AcDbEntity
  8
LASER
100
AcDbFace
 10
12.074072828613351
 20
-3.2352380637815195
 30
158.0
 11
12.5
 21
0.0
 31
158.0
 12
12.5
 22
0.0
 32
198.0
 13
12.074072828613351
 23
-3.2352380637815195
 33
198.0
  0
3DFACE
  5
377
330
17
100
AcDbEntity
  8
LASER
100
AcDbFace
 10
0.0
 20
0.0
 30
158.0
 11
12.074072828613351
 21
-3.2352380637815195
 31
158.0
 12
12.5
 22
0.0
 32
158.0
 13
0.0
 23
0.0
 33
158.0
  0
3DFACE
  5
378
330
17
100
AcDbEntity
  8
LASER
100
AcDbFace
 10
0.0
 20
0.0
 30
198.0
 11
12.074072828613351
 21
-3.2352380637815195
 31
198.0
 12
12.5
 22
0.0
 32
198.0
 13
0.0
 23
0.0
 33
198.0
  0
3DFACE
  5
379
330
17
100
AcDbEntity
  8
LENTE_LASER
100
AcDbFace
 10
10.0
 20
0.0
 30
198.0
 11
9.659258262890683
 21
2.5881904510252074
 31
198.0
 12
9.659258262890683
 22
2.5881904510252074
 32
213.0
 13
10.0
 23
0.0
 33
213.0
  0
3DFACE
  5
37A
330
17
100
AcDbEntity
  8
LENTE_LASER
100
AcDbFace
 10
0.0
 20
0.0
 30
198.0
 11
10.0
 21
0.0
 31
198.0
 12
9.659258262890683
 22
2.5881904510252074
 32
198.0
 13
0.0
 23
0.0
 33
198.0
  0
3DFACE
  5
37B
330
17
100
AcDbEntity
  8
LENTE_LASER
100
AcDbFace
 10
0.0
 20
0.0
 30
213.0
 11
10.0
 21
0.0
 31
213.0
 12
9.659258262890683
 22
2.5881904510252074
 32
213.0
 13
0.0
 23
0.0
 33
213.0
  0
3DFACE
  5
37C
330
17
100
AcDbEntity
  8
LENTE_LASER
100
AcDbFace
 10
9.659258262890683
 20
2.5881904510252074
 30
198.0
 11
8.660254037844387
 21
4.999999999999999
 31
198.0
 12
8.660254037844387
 22
4.999999999999999
 32
213.0
 13
9.659258262890683
 23
2.5881904510252074
 33
213.0
  0
3DFACE
  5
37D
330
17
100
AcDbEntity
  8
LENTE_LASER
100
AcDbFace
 10
0.0
 20
0.0
 30
198.0
 11
9.659258262890683
 21
2.5881904510252074
 31
198.0
 12
8.660254037844387
 22
4.999999999999999
 32
198.0
 13
0.0
 23
0.0
 33
198.0
  0
3DFACE
  5
37E
330
17
100
AcDbEntity
  8
LENTE_LASER
100
AcDbFace
 10
0.0
 20
0.0
 30
213.0
 11
9.659258262890683
 21
2.5881904510252074
 31
213.0
 12
8.660254037844387
 22
4.999999999999999
 32
213.0
 13
0.0
 23
0.0
 33
213.0
  0
3DFACE
  5
37F
330
17
100
AcDbEntity
  8
LENTE_LASER
100
AcDbFace
 10
8.660254037844387
 20
4.999999999999999
 30
198.0
 11
7.0710678118654755
 21
7.071067811865475
 31
198.0
 12
7.0710678118654755
 22
7.071067811865475
 32
213.0
 13
8.660254037844387
 23
4.999999999999999
 33
213.0
  0
3DFACE
  5
380
330
17
100
AcDbEntity
  8
LENTE_LASER
100
AcDbFace
 10
0.0
 20
0.0
 30
198.0
 11
8.660254037844387
 21
4.999999999999999
 31
198.0
 12
7.0710678118654755
 22
7.071067811865475
 32
198.0
 13
0.0
 23
0.0
 33
198.0
  0
3DFACE
  5
381
330
17
100
AcDbEntity
  8
LENTE_LASER
100
AcDbFace
 10
0.0
 20
0.0
 30
213.0
 11
8.660254037844387
 21
4.999999999999999
 31
213.0
 12
7.0710678118654755
 22
7.071067811865475
 32
213.0
 13
0.0
 23
0.0
 33
213.0
  0
3DFACE
  5
382
330
17
100
AcDbEntity
  8
LENTE_LASER
100
AcDbFace
 10
7.0710678118654755
 20
7.071067811865475
 30
198.0
 11
5.000000000000001
 21
8.660254037844386
 31
198.0
 12
5.000000000000001
 22
8.660254037844386
 32
213.0
 13
7.0710678118654755
 23
7.071067811865475
 33
213.0
  0
3DFACE
  5
383
330
17
100
AcDbEntity
  8
LENTE_LASER
100
AcDbFace
 10
0.0
 20
0.0
 30
198.0
 11
7.0710678118654755
 21
7.071067811865475
 31
198.0
 12
5.000000000000001
 22
8.660254037844386
 32
198.0
 13
0.0
 23
0.0
 33
198.0
  0
3DFACE
  5
384
330
17
100
AcDbEntity
  8
LENTE_LASER
100
AcDbFace
 10
0.0
 20
0.0
 30
213.0
 11
7.0710678118654755
 21
7.071067811865475
 31
213.0
 12
5.000000000000001
 22
8.660254037844386
 32
213.0
 13
0.0
 23
0.0
 33
213.0
  0
3DFACE
  5
385
330
17
100
AcDbEntity
  8
LENTE_LASER
100
AcDbFace
 10
5.000000000000001
 20
8.660254037844386
 30
198.0
 11
2.5881904510252074
 21
9.659258262890683
 31
198.0
 12
2.5881904510252074
 22
9.659258262890683
 32
213.0
 13
5.000000000000001
 23
8.660254037844386
 33
213.0
  0
3DFACE
  5
386
330
17
100
AcDbEntity
  8
LENTE_LASER
100
AcDbFace
 10
0.0
 20
0.0
 30
198.0
 11
5.000000000000001
 21
8.660254037844386
 31
198.0
 12
2.5881904510252074
 22
9.659258262890683
 32
198.0
 13
0.0
 23
0.0
 33
198.0
  0
3DFACE
  5
387
330
17
100
AcDbEntity
  8
LENTE_LASER
100
AcDbFace
 10
0.0
 20
0.0
 30
213.0
 11
5.000000000000001
 21
8.660254037844386
 31
213.0
 12
2.5881904510252074
 22
9.659258262890683
 32
213.0
 13
0.0
 23
0.0
 33
213.0
  0
3DFACE
  5
388
330
17
100
AcDbEntity
  8
LENTE_LASER
100
AcDbFace
 10
2.5881904510252074
 20
9.659258262890683
 30
198.0
 11
6.123233995736766e-16
 21
10.0
 31
198.0
 12
6.123233995736766e-16
 22
10.0
 32
213.0
 13
2.5881904510252074
 23
9.659258262890683
 33
213.0
  0
3DFACE
  5
389
330
17
100
AcDbEntity
  8
LENTE_LASER
100
AcDbFace
 10
0.0
 20
0.0
 30
198.0
 11
2.5881904510252074
 21
9.659258262890683
 31
198.0
 12
6.123233995736766e-16
 22
10.0
 32
198.0
 13
0.0
 23
0.0
 33
198.0
  0
3DFACE
  5
38A
330
17
100
AcDbEntity
  8
LENTE_LASER
100
AcDbFace
 10
0.0
 20
0.0
 30
213.0
 11
2.5881904510252074
 21
9.659258262890683
 31
213.0
 12
6.123233995736766e-16
 22
10.0
 32
213.0
 13
0.0
 23
0.0
 33
213.0
  0
3DFACE
  5
38B
330
17
100
AcDbEntity
  8
LENTE_LASER
100
AcDbFace
 10
6.123233995736766e-16
 20
10.0
 30
198.0
 11
-2.5881904510252065
 21
9.659258262890683
 31
198.0
 12
-2.5881904510252065
 22
9.659258262890683
 32
213.0
 13
6.123233995736766e-16
 23
10.0
 33
213.0
  0
3DFACE
  5
38C
330
17
100
AcDbEntity
  8
LENTE_LASER
100
AcDbFace
 10
0.0
 20
0.0
 30
198.0
 11
6.123233995736766e-16
 21
10.0
 31
198.0
 12
-2.5881904510252065
 22
9.659258262890683
 32
198.0
 13
0.0
 23
0.0
 33
198.0
  0
3DFACE
  5
38D
330
17
100
AcDbEntity
  8
LENTE_LASER
100
AcDbFace
 10
0.0
 20
0.0
 30
213.0
 11
6.123233995736766e-16
 21
10.0
 31
213.0
 12
-2.5881904510252065
 22
9.659258262890683
 32
213.0
 13
0.0
 23
0.0
 33
213.0
  0
3DFACE
  5
38E
330
17
100
AcDbEntity
  8
LENTE_LASER
100
AcDbFace
 10
-2.5881904510252065
 20
9.659258262890683
 30
198.0
 11
-4.999999999999998
 21
8.660254037844387
 31
198.0
 12
-4.999999999999998
 22
8.660254037844387
 32
213.0
 13
-2.5881904510252065
 23
9.659258262890683
 33
213.0
  0
3DFACE
  5
38F
330
17
100
AcDbEntity
  8
LENTE_LASER
100
AcDbFace
 10
0.0
 20
0.0
 30
198.0
 11
-2.5881904510252065
 21
9.659258262890683
 31
198.0
 12
-4.999999999999998
 22
8.660254037844387
 32
198.0
 13
0.0
 23
0.0
 33
198.0
  0
3DFACE
  5
390
330
17
100
AcDbEntity
  8
LENTE_LASER
100
AcDbFace
 10
0.0
 20
0.0
 30
213.0
 11
-2.5881904510252065
 21
9.659258262890683
 31
213.0
 12
-4.999999999999998
 22
8.660254037844387
 32
213.0
 13
0.0
 23
0.0
 33
213.0
  0
3DFACE
  5
391
330
17
100
AcDbEntity
  8
LENTE_LASER
100
AcDbFace
 10
-4.999999999999998
 20
8.660254037844387
 30
198.0
 11
-7.071067811865475
 21
7.0710678118654755
 31
198.0
 12
-7.071067811865475
 22
7.0710678118654755
 32
213.0
 13
-4.999999999999998
 23
8.660254037844387
 33
213.0
  0
3DFACE
  5
392
330
17
100
AcDbEntity
  8
LENTE_LASER
100
AcDbFace
 10
0.0
 20
0.0
 30
198.0
 11
-4.999999999999998
 21
8.660254037844387
 31
198.0
 12
-7.071067811865475
 22
7.0710678118654755
 32
198.0
 13
0.0
 23
0.0
 33
198.0
  0
3DFACE
  5
393
330
17
100
AcDbEntity
  8
LENTE_LASER
100
AcDbFace
 10
0.0
 20
0.0
 30
213.0
 11
-4.999999999999998
 21
8.660254037844387
 31
213.0
 12
-7.071067811865475
 22
7.0710678118654755
 32
213.0
 13
0.0
 23
0.0
 33
213.0
  0
3DFACE
  5
394
330
17
100
AcDbEntity
  8
LENTE_LASER
100
AcDbFace
 10
-7.071067811865475
 20
7.0710678118654755
 30
198.0
 11
-8.660254037844387
 21
4.999999999999999
 31
198.0
 12
-8.660254037844387
 22
4.999999999999999
 32
213.0
 13
-7.071067811865475
 23
7.0710678118654755
 33
213.0
  0
3DFACE
  5
395
330
17
100
AcDbEntity
  8
LENTE_LASER
100
AcDbFace
 10
0.0
 20
0.0
 30
198.0
 11
-7.071067811865475
 21
7.0710678118654755
 31
198.0
 12
-8.660254037844387
 22
4.999999999999999
 32
198.0
 13
0.0
 23
0.0
 33
198.0
  0
3DFACE
  5
396
330
17
100
AcDbEntity
  8
LENTE_LASER
100
AcDbFace
 10
0.0
 20
0.0
 30
213.0
 11
-7.071067811865475
 21
7.0710678118654755
 31
213.0
 12
-8.660254037844387
 22
4.999999999999999
 32
213.0
 13
0.0
 23
0.0
 33
213.0
  0
3DFACE
  5
397
330
17
100
AcDbEntity
  8
LENTE_LASER
100
AcDbFace
 10
-8.660254037844387
 20
4.999999999999999
 30
198.0
 11
-9.659258262890681
 21
2.58819045102521
 31
198.0
 12
-9.659258262890681
 22
2.58819045102521
 32
213.0
 13
-8.660254037844387
 23
4.999999999999999
 33
213.0
  0
3DFACE
  5
398
330
17
100
AcDbEntity
  8
LENTE_LASER
100
AcDbFace
 10
0.0
 20
0.0
 30
198.0
 11
-8.660254037844387
 21
4.999999999999999
 31
198.0
 12
-9.659258262890681
 22
2.58819045102521
 32
198.0
 13
0.0
 23
0.0
 33
198.0
  0
3DFACE
  5
399
330
17
100
AcDbEntity
  8
LENTE_LASER
100
AcDbFace
 10
0.0
 20
0.0
 30
213.0
 11
-8.660254037844387
 21
4.999999999999999
 31
213.0
 12
-9.659258262890681
 22
2.58819045102521
 32
213.0
 13
0.0
 23
0.0
 33
213.0
  0
3DFACE
  5
39A
330
17
100
AcDbEntity
  8
LENTE_LASER
100
AcDbFace
 10
-9.659258262890681
 20
2.58819045102521
 30
198.0
 11
-10.0
 21
1.2246467991473533e-15
 31
198.0
 12
-10.0
 22
1.2246467991473533e-15
 32
213.0
 13
-9.659258262890681
 23
2.58819045102521
 33
213.0
  0
3DFACE
  5
39B
330
17
100
AcDbEntity
  8
LENTE_LASER
100
AcDbFace
 10
0.0
 20
0.0
 30
198.0
 11
-9.659258262890681
 21
2.58819045102521
 31
198.0
 12
-10.0
 22
1.2246467991473533e-15
 32
198.0
 13
0.0
 23
0.0
 33
198.0
  0
3DFACE
  5
39C
330
17
100
AcDbEntity
  8
LENTE_LASER
100
AcDbFace
 10
0.0
 20
0.0
 30
213.0
 11
-9.659258262890681
 21
2.58819045102521
 31
213.0
 12
-10.0
 22
1.2246467991473533e-15
 32
213.0
 13
0.0
 23
0.0
 33
213.0
  0
3DFACE
  5
39D
330
17
100
AcDbEntity
  8
LENTE_LASER
100
AcDbFace
 10
-10.0
 20
1.2246467991473533e-15
 30
198.0
 11
-9.659258262890683
 21
-2.588190451025208
 31
198.0
 12
-9.659258262890683
 22
-2.588190451025208
 32
213.0
 13
-10.0
 23
1.2246467991473533e-15
 33
213.0
  0
3DFACE
  5
39E
330
17
100
AcDbEntity
  8
LENTE_LASER
100
AcDbFace
 10
0.0
 20
0.0
 30
198.0
 11
-10.0
 21
1.2246467991473533e-15
 31
198.0
 12
-9.659258262890683
 22
-2.588190451025208
 32
198.0
 13
0.0
 23
0.0
 33
198.0
  0
3DFACE
  5
39F
330
17
100
AcDbEntity
  8
LENTE_LASER
100
AcDbFace
 10
0.0
 20
0.0
 30
213.0
 11
-10.0
 21
1.2246467991473533e-15
 31
213.0
 12
-9.659258262890683
 22
-2.588190451025208
 32
213.0
 13
0.0
 23
0.0
 33
213.0
  0
3DFACE
  5
3A0
330
17
100
AcDbEntity
  8
LENTE_LASER
100
AcDbFace
 10
-9.659258262890683
 20
-2.588190451025208
 30
198.0
 11
-8.660254037844389
 21
-4.999999999999997
 31
198.0
 12
-8.660254037844389
 22
-4.999999999999997
 32
213.0
 13
-9.659258262890683
 23
-2.588190451025208
 33
213.0
  0
3DFACE
  5
3A1
330
17
100
AcDbEntity
  8
LENTE_LASER
100
AcDbFace
 10
0.0
 20
0.0
 30
198.0
 11
-9.659258262890683
 21
-2.588190451025208
 31
198.0
 12
-8.660254037844389
 22
-4.999999999999997
 32
198.0
 13
0.0
 23
0.0
 33
198.0
  0
3DFACE
  5
3A2
330
17
100
AcDbEntity
  8
LENTE_LASER
100
AcDbFace
 10
0.0
 20
0.0
 30
213.0
 11
-9.659258262890683
 21
-2.588190451025208
 31
213.0
 12
-8.660254037844389
 22
-4.999999999999997
 32
213.0
 13
0.0
 23
0.0
 33
213.0
  0
3DFACE
  5
3A3
330
17
100
AcDbEntity
  8
LENTE_LASER
100
AcDbFace
 10
-8.660254037844389
 20
-4.999999999999997
 30
198.0
 11
-7.071067811865479
 21
-7.071067811865471
 31
198.0
 12
-7.071067811865479
 22
-7.071067811865471
 32
213.0
 13
-8.660254037844389
 23
-4.999999999999997
 33
213.0
  0
3DFACE
  5
3A4
330
17
100
AcDbEntity
  8
LENTE_LASER
100
AcDbFace
 10
0.0
 20
0.0
 30
198.0
 11
-8.660254037844389
 21
-4.999999999999997
 31
198.0
 12
-7.071067811865479
 22
-7.071067811865471
 32
198.0
 13
0.0
 23
0.0
 33
198.0
  0
3DFACE
  5
3A5
330
17
100
AcDbEntity
  8
LENTE_LASER
100
AcDbFace
 10
0.0
 20
0.0
 30
213.0
 11
-8.660254037844389
 21
-4.999999999999997
 31
213.0
 12
-7.071067811865479
 22
-7.071067811865471
 32
213.0
 13
0.0
 23
0.0
 33
213.0
  0
3DFACE
  5
3A6
330
17
100
AcDbEntity
  8
LENTE_LASER
100
AcDbFace
 10
-7.071067811865479
 20
-7.071067811865471
 30
198.0
 11
-5.000000000000004
 21
-8.660254037844384
 31
198.0
 12
-5.000000000000004
 22
-8.660254037844384
 32
213.0
 13
-7.071067811865479
 23
-7.071067811865471
 33
213.0
  0
3DFACE
  5
3A7
330
17
100
AcDbEntity
  8
LENTE_LASER
100
AcDbFace
 10
0.0
 20
0.0
 30
198.0
 11
-7.071067811865479
 21
-7.071067811865471
 31
198.0
 12
-5.000000000000004
 22
-8.660254037844384
 32
198.0
 13
0.0
 23
0.0
 33
198.0
  0
3DFACE
  5
3A8
330
17
100
AcDbEntity
  8
LENTE_LASER
100
AcDbFace
 10
0.0
 20
0.0
 30
213.0
 11
-7.071067811865479
 21
-7.071067811865471
 31
213.0
 12
-5.000000000000004
 22
-8.660254037844384
 32
213.0
 13
0.0
 23
0.0
 33
213.0
  0
3DFACE
  5
3A9
330
17
100
AcDbEntity
  8
LENTE_LASER
100
AcDbFace
 10
-5.000000000000004
 20
-8.660254037844384
 30
198.0
 11
-2.5881904510252065
 21
-9.659258262890683
 31
198.0
 12
-2.5881904510252065
 22
-9.659258262890683
 32
213.0
 13
-5.000000000000004
 23
-8.660254037844384
 33
213.0
  0
3DFACE
  5
3AA
330
17
100
AcDbEntity
  8
LENTE_LASER
100
AcDbFace
 10
0.0
 20
0.0
 30
198.0
 11
-5.000000000000004
 21
-8.660254037844384
 31
198.0
 12
-2.5881904510252065
 22
-9.659258262890683
 32
198.0
 13
0.0
 23
0.0
 33
198.0
  0
3DFACE
  5
3AB
330
17
100
AcDbEntity
  8
LENTE_LASER
100
AcDbFace
 10
0.0
 20
0.0
 30
213.0
 11
-5.000000000000004
 21
-8.660254037844384
 31
213.0
 12
-2.5881904510252065
 22
-9.659258262890683
 32
213.0
 13
0.0
 23
0.0
 33
213.0
  0
3DFACE
  5
3AC
330
17
100
AcDbEntity
  8
LENTE_LASER
100
AcDbFace
 10
-2.5881904510252065
 20
-9.659258262890683
 30
198.0
 11
-1.8369701987210296e-15
 21
-10.0
 31
198.0
 12
-1.8369701987210296e-15
 22
-10.0
 32
213.0
 13
-2.5881904510252065
 23
-9.659258262890683
 33
213.0
  0
3DFACE
  5
3AD
330
17
100
AcDbEntity
  8
LENTE_LASER
100
AcDbFace
 10
0.0
 20
0.0
 30
198.0
 11
-2.5881904510252065
 21
-9.659258262890683
 31
198.0
 12
-1.8369701987210296e-15
 22
-10.0
 32
198.0
 13
0.0
 23
0.0
 33
198.0
  0
3DFACE
  5
3AE
330
17
100
AcDbEntity
  8
LENTE_LASER
100
AcDbFace
 10
0.0
 20
0.0
 30
213.0
 11
-2.5881904510252065
 21
-9.659258262890683
 31
213.0
 12
-1.8369701987210296e-15
 22
-10.0
 32
213.0
 13
0.0
 23
0.0
 33
213.0
  0
3DFACE
  5
3AF
330
17
100
AcDbEntity
  8
LENTE_LASER
100
AcDbFace
 10
-1.8369701987210296e-15
 20
-10.0
 30
198.0
 11
2.588190451025203
 21
-9.659258262890685
 31
198.0
 12
2.588190451025203
 22
-9.659258262890685
 32
213.0
 13
-1.8369701987210296e-15
 23
-10.0
 33
213.0
  0
3DFACE
  5
3B0
330
17
100
AcDbEntity
  8
LENTE_LASER
100
AcDbFace
 10
0.0
 20
0.0
 30
198.0
 11
-1.8369701987210296e-15
 21
-10.0
 31
198.0
 12
2.588190451025203
 22
-9.659258262890685
 32
198.0
 13
0.0
 23
0.0
 33
198.0
  0
3DFACE
  5
3B1
330
17
100
AcDbEntity
  8
LENTE_LASER
100
AcDbFace
 10
0.0
 20
0.0
 30
213.0
 11
-1.8369701987210296e-15
 21
-10.0
 31
213.0
 12
2.588190451025203
 22
-9.659258262890685
 32
213.0
 13
0.0
 23
0.0
 33
213.0
  0
3DFACE
  5
3B2
330
17
100
AcDbEntity
  8
LENTE_LASER
100
AcDbFace
 10
2.588190451025203
 20
-9.659258262890685
 30
198.0
 11
5.000000000000001
 21
-8.660254037844386
 31
198.0
 12
5.000000000000001
 22
-8.660254037844386
 32
213.0
 13
2.588190451025203
 23
-9.659258262890685
 33
213.0
  0
3DFACE
  5
3B3
330
17
100
AcDbEntity
  8
LENTE_LASER
100
AcDbFace
 10
0.0
 20
0.0
 30
198.0
 11
2.588190451025203
 21
-9.659258262890685
 31
198.0
 12
5.000000000000001
 22
-8.660254037844386
 32
198.0
 13
0.0
 23
0.0
 33
198.0
  0
3DFACE
  5
3B4
330
17
100
AcDbEntity
  8
LENTE_LASER
100
AcDbFace
 10
0.0
 20
0.0
 30
213.0
 11
2.588190451025203
 21
-9.659258262890685
 31
213.0
 12
5.000000000000001
 22
-8.660254037844386
 32
213.0
 13
0.0
 23
0.0
 33
213.0
  0
3DFACE
  5
3B5
330
17
100
AcDbEntity
  8
LENTE_LASER
100
AcDbFace
 10
5.000000000000001
 20
-8.660254037844386
 30
198.0
 11
7.071067811865474
 21
-7.071067811865477
 31
198.0
 12
7.071067811865474
 22
-7.071067811865477
 32
213.0
 13
5.000000000000001
 23
-8.660254037844386
 33
213.0
  0
3DFACE
  5
3B6
330
17
100
AcDbEntity
  8
LENTE_LASER
100
AcDbFace
 10
0.0
 20
0.0
 30
198.0
 11
5.000000000000001
 21
-8.660254037844386
 31
198.0
 12
7.071067811865474
 22
-7.071067811865477
 32
198.0
 13
0.0
 23
0.0
 33
198.0
  0
3DFACE
  5
3B7
330
17
100
AcDbEntity
  8
LENTE_LASER
100
AcDbFace
 10
0.0
 20
0.0
 30
213.0
 11
5.000000000000001
 21
-8.660254037844386
 31
213.0
 12
7.071067811865474
 22
-7.071067811865477
 32
213.0
 13
0.0
 23
0.0
 33
213.0
  0
3DFACE
  5
3B8
330
17
100
AcDbEntity
  8
LENTE_LASER
100
AcDbFace
 10
7.071067811865474
 20
-7.071067811865477
 30
198.0
 11
8.660254037844384
 21
-5.000000000000004
 31
198.0
 12
8.660254037844384
 22
-5.000000000000004
 32
213.0
 13
7.071067811865474
 23
-7.071067811865477
 33
213.0
  0
3DFACE
  5
3B9
330
17
100
AcDbEntity
  8
LENTE_LASER
100
AcDbFace
 10
0.0
 20
0.0
 30
198.0
 11
7.071067811865474
 21
-7.071067811865477
 31
198.0
 12
8.660254037844384
 22
-5.000000000000004
 32
198.0
 13
0.0
 23
0.0
 33
198.0
  0
3DFACE
  5
3BA
330
17
100
AcDbEntity
  8
LENTE_LASER
100
AcDbFace
 10
0.0
 20
0.0
 30
213.0
 11
7.071067811865474
 21
-7.071067811865477
 31
213.0
 12
8.660254037844384
 22
-5.000000000000004
 32
213.0
 13
0.0
 23
0.0
 33
213.0
  0
3DFACE
  5
3BB
330
17
100
AcDbEntity
  8
LENTE_LASER
100
AcDbFace
 10
8.660254037844384
 20
-5.000000000000004
 30
198.0
 11
9.659258262890681
 21
-2.588190451025216
 31
198.0
 12
9.659258262890681
 22
-2.588190451025216
 32
213.0
 13
8.660254037844384
 23
-5.000000000000004
 33
213.0
  0
3DFACE
  5
3BC
330
17
100
AcDbEntity
  8
LENTE_LASER
100
AcDbFace
 10
0.0
 20
0.0
 30
198.0
 11
8.660254037844384
 21
-5.000000000000004
 31
198.0
 12
9.659258262890681
 22
-2.588190451025216
 32
198.0
 13
0.0
 23
0.0
 33
198.0
  0
3DFACE
  5
3BD
330
17
100
AcDbEntity
  8
LENTE_LASER
100
AcDbFace
 10
0.0
 20
0.0
 30
213.0
 11
8.660254037844384
 21
-5.000000000000004
 31
213.0
 12
9.659258262890681
 22
-2.588190451025216
 32
213.0
 13
0.0
 23
0.0
 33
213.0
  0
3DFACE
  5
3BE
330
17
100
AcDbEntity
  8
LENTE_LASER
100
AcDbFace
 10
9.659258262890681
 20
-2.588190451025216
 30
198.0
 11
10.0
 21
0.0
 31
198.0
 12
10.0
 22
0.0
 32
213.0
 13
9.659258262890681
 23
-2.588190451025216
 33
213.0
  0
3DFACE
  5
3BF
330
17
100
AcDbEntity
  8
LENTE_LASER
100
AcDbFace
 10
0.0
 20
0.0
 30
198.0
 11
9.659258262890681
 21
-2.588190451025216
 31
198.0
 12
10.0
 22
0.0
 32
198.0
 13
0.0
 23
0.0
 33
198.0
  0
3DFACE
  5
3C0
330
17
100
AcDbEntity
  8
LENTE_LASER
100
AcDbFace
 10
0.0
 20
0.0
 30
213.0
 11
9.659258262890681
 21
-2.588190451025216
 31
213.0
 12
10.0
 22
0.0
 32
213.0
 13
0.0
 23
0.0
 33
213.0
  0
TEXT
  5
3C1
330
17
100
AcDbEntity
  8
TEXTO
100
AcDbText
 10
120.0
 20
0.0
 30
2.5
 40
4.0
  1
1- BASE FIJA (Al 5mm)
100
AcDbText
  0
TEXT
  5
3C2
330
17
100
AcDbEntity
  8
TEXTO
100
AcDbText
 10
41.0
 20
0.0
 30
-24.0
 40
4.0
  1
2- NEMA 17 STEPPER
100
AcDbText
  0
TEXT
  5
3C3
330
17
100
AcDbEntity
  8
TEXTO
100
AcDbText
 10
40.0
 20
40.0
 30
8.5
 40
3.0
  1
3- RODAMIENTO AXIAL
100
AcDbText
  0
TEXT
  5
3C4
330
17
100
AcDbEntity
  8
TEXTO
100
AcDbText
 10
100.0
 20
0.0
 30
14.5
 40
4.0
  1
4- PLATAFORMA GIRATORIA (Al 3mm)
100
AcDbText
  0
TEXT
  5
3C5
330
17
100
AcDbEntity
  8
TEXTO
100
AcDbText
 10
114.0
 20
40.0
 30
56.0
 40
4.0
  1
5- SOPORTE U (Al perfiles L)
100
AcDbText
  0
TEXT
  5
3C6
330
17
100
AcDbEntity
  8
TEXTO
100
AcDbText
 10
120.0
 20
0.0
 30
76.0
 40
4.0
  1
6- SERVO MG996R
100
AcDbText
  0
TEXT
  5
3C7
330
17
100
AcDbEntity
  8
TEXTO
100
AcDbText
 10
-90.0
 20
0.0
 30
76.0
 40
3.0
  1
7- EJE TILT (pivote)
100
AcDbText
  0
TEXT
  5
3C8
330
17
100
AcDbEntity
  8
TEXTO
100
AcDbText
 10
40.0
 20
40.0
 30
118.0
 40
3.0
  1
8- BRAZO HORN (Al)
100
AcDbText
  0
TEXT
  5
3C9
330
17
100
AcDbEntity
  8
TEXTO
100
AcDbText
 10
45.0
 20
0.0
 30
178.0
 40
4.0
  1
9- MODULO LASER 525nm
100
AcDbText
  0
LINE
  5
3CA
330
17
100
AcDbEntity
  8
COTAS
100
AcDbLine
 10
-130.0
 20
0.0
 30
-48.0
 11
-130.0
 21
0.0
 31
213.0
  0
LINE
  5
3CB
330
17
100
AcDbEntity
  8
COTAS
100
AcDbLine
 10
-135.0
 20
0.0
 30
-48.0
 11
-125.0
 21
0.0
 31
-48.0
  0
LINE
  5
3CC
330
17
100
AcDbEntity
  8
COTAS
100
AcDbLine
 10
-135.0
 20
0.0
 30
213.0
 11
-125.0
 21
0.0
 31
213.0
  0
TEXT
  5
3CD
330
17
100
AcDbEntity
  8
COTAS
100
AcDbText
 10
-140.0
 20
0.0
 30
82.5
 40
4.0
  1
ALTO TOTAL: 261mm
100
AcDbText
  0
LINE
  5
3CE
330
17
100
AcDbEntity
  8
COTAS
100
AcDbLine
 10
-100.0
 20
-120.0
 30
0.0
 11
100.0
 21
-120.0
 31
0.0
  0
TEXT
  5
3CF
330
17
100
AcDbEntity
  8
COTAS
100
AcDbText
 10
-30.0
 20
-130.0
 30
0.0
 40
4.0
  1
BASE: 200x200mm
100
AcDbText
  0
TEXT
  5
3D0
330
17
100
AcDbEntity
  8
TEXTO
100
AcDbText
 10
-100.0
 20
-150.0
 30
0.0
 40
8.0
  1
AHUYENTADOR LASER DE AVES - BASE PAN/TILT
100
AcDbText
  0
TEXT
  5
3D1
330
17
100
AcDbEntity
  8
TEXTO
100
AcDbText
 10
-100.0
 20
-160.0
 30
0.0
 40
4.0
  1
ESCALA 1:1 (mm) | MATERIAL: ALUMINIO + COMPONENTES
100
AcDbText
  0
TEXT
  5
3D2
330
17
100
AcDbEntity
  8
TEXTO
100
AcDbText
 10
-100.0
 20
-168.0
 30
0.0
 40
4.0
  1
DISEÑO DIY - ESP32 + NEMA17 + MG996R
100
AcDbText
  0
ENDSEC
  0
SECTION
  2
OBJECTS
  0
DICTIONARY
  5
A
330
0
100
AcDbDictionary
281
1
  3
ACAD_COLOR
350
B
  3
ACAD_GROUP
350
C
  3
ACAD_LAYOUT
350
D
  3
ACAD_MATERIAL
350
E
  3
ACAD_MLEADERSTYLE
350
F
  3
ACAD_MLINESTYLE
350
10
  3
ACAD_PLOTSETTINGS
350
11
  3
ACAD_PLOTSTYLENAME
350
12
  3
ACAD_SCALELIST
350
14
  3
ACAD_TABLESTYLE
350
15
  3
ACAD_VISUALSTYLE
350
16
  3
EZDXF_META
350
2D
  0
DICTIONARY
  5
B
330
A
100
AcDbDictionary
281
1
  0
DICTIONARY
  5
C
330
A
100
AcDbDictionary
281
1
  0
DICTIONARY
  5
D
330
A
100
AcDbDictionary
281
1
  3
Model
350
1A
  3
Layout1
350
1E
  0
DICTIONARY
  5
E
330
A
100
AcDbDictionary
281
1
  3
ByBlock
350
1F
  3
ByLayer
350
20
  3
Global
350
21
  0
DICTIONARY
  5
F
330
A
100
AcDbDictionary
281
1
  3
Standard
350
2C
  0
DICTIONARY
  5
10
330
A
100
AcDbDictionary
281
1
  3
Standard
350
22
  0
DICTIONARY
  5
11
330
A
100
AcDbDictionary
281
1
  0
ACDBDICTIONARYWDFLT
  5
12
330
A
100
AcDbDictionary
281
1
  3
Normal
350
13
100
AcDbDictionaryWithDefault
340
13
  0
ACDBPLACEHOLDER
  5
13
330
12
  0
DICTIONARY
  5
14
330
A
100
AcDbDictionary
281
1
  0
DICTIONARY
  5
15
330
A
100
AcDbDictionary
281
1
  0
DICTIONARY
  5
16
330
A
100
AcDbDictionary
281
1
  0
LAYOUT
  5
1A
330
D
100
AcDbPlotSettings
  1

  4
A3
  6

 40
7.5
 41
20.0
 42
7.5
 43
20.0
 44
420.0
 45
297.0
 46
0.0
 47
0.0
 48
0.0
 49
0.0
140
0.0
141
0.0
142
1.0
143
1.0
 70
1024
 72
1
 73
0
 74
5
  7

 75
16
 76
0
 77
2
 78
300
147
1.0
148
0.0
149
0.0
100
AcDbLayout
  1
Model
 70
1
 71
0
 10
0.0
 20
0.0
 11
420.0
 21
297.0
 12
0.0
 22
0.0
 32
0.0
 14
1e+20
 24
1e+20
 34
1e+20
 15
-1e+20
 25
-1e+20
 35
-1e+20
146
0.0
 13
0.0
 23
0.0
 33
0.0
 16
1.0
 26
0.0
 36
0.0
 17
0.0
 27
1.0
 37
0.0
 76
1
330
17
  0
LAYOUT
  5
1E
330
D
100
AcDbPlotSettings
  1

  4
A3
  6

 40
7.5
 41
20.0
 42
7.5
 43
20.0
 44
420.0
 45
297.0
 46
0.0
 47
0.0
 48
0.0
 49
0.0
140
0.0
141
0.0
142
1.0
143
1.0
 70
0
 72
1
 73
0
 74
5
  7

 75
16
 76
0
 77
2
 78
300
147
1.0
148
0.0
149
0.0
100
AcDbLayout
  1
Layout1
 70
1
 71
1
 10
0.0
 20
0.0
 11
420.0
 21
297.0
 12
0.0
 22
0.0
 32
0.0
 14
1e+20
 24
1e+20
 34
1e+20
 15
-1e+20
 25
-1e+20
 35
-1e+20
146
0.0
 13
0.0
 23
0.0
 33
0.0
 16
1.0
 26
0.0
 36
0.0
 17
0.0
 27
1.0
 37
0.0
 76
1
330
1B
  0
MATERIAL
  5
1F
102
{ACAD_REACTORS
330
E
102
}
330
E
100
AcDbMaterial
  1
ByBlock
  2

 70
0
 40
1.0
 71
1
 41
1.0
 91
-1023410177
 42
1.0
 72
1
  3

 73
1
 74
1
 75
1
 44
0.5
 73
0
 45
1.0
 46
1.0
 77
1
  4

 78
1
 79
1
170
1
 48
1.0
171
1
  6

172
1
173
1
174
1
140
1.0
141
1.0
175
1
  7

176
1
177
1
178
1
143
1.0
179
1
  8

270
1
271
1
272
1
145
1.0
146
1.0
273
1
  9

274
1
275
1
276
1
 42
1.0
 72
1
  3

 73
1
 74
1
 75
1
 94
63
  0
MATERIAL
  5
20
102
{ACAD_REACTORS
330
E
102
}
330
E
100
AcDbMaterial
  1
ByLayer
  2

 70
0
 40
1.0
 71
1
 41
1.0
 91
-1023410177
 42
1.0
 72
1
  3

 73
1
 74
1
 75
1
 44
0.5
 73
0
 45
1.0
 46
1.0
 77
1
  4

 78
1
 79
1
170
1
 48
1.0
171
1
  6

172
1
173
1
174
1
140
1.0
141
1.0
175
1
  7

176
1
177
1
178
1
143
1.0
179
1
  8

270
1
271
1
272
1
145
1.0
146
1.0
273
1
  9

274
1
275
1
276
1
 42
1.0
 72
1
  3

 73
1
 74
1
 75
1
 94
63
  0
MATERIAL
  5
21
102
{ACAD_REACTORS
330
E
102
}
330
E
100
AcDbMaterial
  1
Global
  2

 70
0
 40
1.0
 71
1
 41
1.0
 91
-1023410177
 42
1.0
 72
1
  3

 73
1
 74
1
 75
1
 44
0.5
 73
0
 45
1.0
 46
1.0
 77
1
  4

 78
1
 79
1
170
1
 48
1.0
171
1
  6

172
1
173
1
174
1
140
1.0
141
1.0
175
1
  7

176
1
177
1
178
1
143
1.0
179
1
  8

270
1
271
1
272
1
145
1.0
146
1.0
273
1
  9

274
1
275
1
276
1
 42
1.0
 72
1
  3

 73
1
 74
1
 75
1
 94
63
  0
MLINESTYLE
  5
22
102
{ACAD_REACTORS
330
10
102
}
330
10
100
AcDbMlineStyle
  2
Standard
 70
0
  3

 62
256
 51
90.0
 52
90.0
 71
2
 49
0.5
 62
256
  6
BYLAYER
 49
-0.5
 62
256
  6
BYLAYER
  0
MLEADERSTYLE
  5
2C
102
{ACAD_REACTORS
330
F
102
}
330
F
100
AcDbMLeaderStyle
179
2
170
2
171
1
172
0
 90
2
 40
0.0
 41
0.0
173
1
 91
-1056964608
 92
-2
290
1
 42
2.0
291
1
 43
8.0
  3
Standard
 44
4.0
300

342
29
174
1
175
1
176
0
178
1
 93
-1056964608
 45
4.0
292
0
297
0
 46
4.0
 94
-1056964608
 47
1.0
 49
1.0
140
1.0
294
1
141
0.0
177
0
142
1.0
295
0
296
0
143
3.75
271
0
272
9
273
9
  0
DICTIONARY
  5
2D
330
A
100
AcDbDictionary
280
1
281
1
  3
CREATED_BY_EZDXF
350
2E
  3
WRITTEN_BY_EZDXF
350
3D5
  0
DICTIONARYVAR
  5
2E
330
2D
100
DictionaryVariables
280
0
  1
1.4.4 @ 2026-06-29T19:11:59.253719+00:00
  0
DICTIONARYVAR
  5
3D5
330
2D
100
DictionaryVariables
280
0
  1
1.4.4 @ 2026-06-29T19:11:59.293634+00:00
  0
ENDSEC
  0
EOF
